"","idMunicipi","nomMunicipi","idComarca","nomComarca","nomAT","idAT"
"1","080018","Abrera","11","Baix Llobregat","Metropolità","AT01"
"2","080023","Aguilar de Segarra","07","Bages","Comarques Centrals","AT06"
"3","080039","Alella","21","Maresme","Metropolità","AT01"
"4","080044","Alpens","24","Osona","Comarques Centrals","AT06"
"5","080057","Ametlla del Vallès, l'","41","Vallès Oriental","Metropolità","AT01"
"6","080060","Arenys de Mar","21","Maresme","Metropolità","AT01"
"7","080076","Arenys de Munt","21","Maresme","Metropolità","AT01"
"8","080082","Argençola","06","Anoia","Penedès","AT08"
"9","080095","Argentona","21","Maresme","Metropolità","AT01"
"10","080109","Artés","07","Bages","Comarques Centrals","AT06"
"11","080116","Avià","14","Berguedà","Comarques Centrals","AT06"
"12","080121","Avinyó","07","Bages","Comarques Centrals","AT06"
"13","080137","Avinyonet del Penedès","03","Alt Penedès","Penedès","AT08"
"14","080142","Aiguafreda","41","Vallès Oriental","Metropolità","AT01"
"15","080155","Badalona","13","Barcelonès","Metropolità","AT01"
"16","080168","Bagà","14","Berguedà","Comarques Centrals","AT06"
"17","080174","Balenyà","24","Osona","Comarques Centrals","AT06"
"18","080180","Balsareny","07","Bages","Comarques Centrals","AT06"
"19","080193","Barcelona","13","Barcelonès","Metropolità","AT01"
"20","080207","Begues","11","Baix Llobregat","Metropolità","AT01"
"21","080214","Bellprat","06","Anoia","Penedès","AT08"
"22","080229","Berga","14","Berguedà","Comarques Centrals","AT06"
"23","080235","Bigues i Riells","41","Vallès Oriental","Metropolità","AT01"
"24","080240","Borredà","14","Berguedà","Comarques Centrals","AT06"
"25","080253","Bruc, el","06","Anoia","Penedès","AT08"
"26","080266","Brull, el","24","Osona","Comarques Centrals","AT06"
"27","080272","Cabanyes, les","03","Alt Penedès","Penedès","AT08"
"28","080288","Cabrera d'Anoia","06","Anoia","Penedès","AT08"
"29","080291","Cabrera de Mar","21","Maresme","Metropolità","AT01"
"30","080305","Cabrils","21","Maresme","Metropolità","AT01"
"31","080312","Calaf","06","Anoia","Comarques Centrals","AT06"
"32","080327","Caldes d'Estrac","21","Maresme","Metropolità","AT01"
"33","080333","Caldes de Montbui","41","Vallès Oriental","Metropolità","AT01"
"34","080348","Calders","42","Moianès","Comarques Centrals","AT06"
"35","080351","Calella","21","Maresme","Metropolità","AT01"
"36","080364","Calonge de Segarra","06","Anoia","Comarques Centrals","AT06"
"37","080370","Calldetenes","24","Osona","Comarques Centrals","AT06"
"38","080386","Callús","07","Bages","Comarques Centrals","AT06"
"39","080399","Campins","41","Vallès Oriental","Metropolità","AT01"
"40","080403","Canet de Mar","21","Maresme","Metropolità","AT01"
"41","080410","Canovelles","41","Vallès Oriental","Metropolità","AT01"
"42","080425","Cànoves i Samalús","41","Vallès Oriental","Metropolità","AT01"
"43","080431","Canyelles","17","Garraf","Penedès","AT08"
"44","080446","Capellades","06","Anoia","Penedès","AT08"
"45","080459","Capolat","14","Berguedà","Comarques Centrals","AT06"
"46","080462","Cardedeu","41","Vallès Oriental","Metropolità","AT01"
"47","080478","Cardona","07","Bages","Comarques Centrals","AT06"
"48","080484","Carme","06","Anoia","Penedès","AT08"
"49","080497","Casserres","14","Berguedà","Comarques Centrals","AT06"
"50","080500","Castellar del Riu","14","Berguedà","Comarques Centrals","AT06"
"51","080517","Castellar del Vallès","40","Vallès Occidental","Metropolità","AT01"
"52","080522","Castellar de n'Hug","14","Berguedà","Comarques Centrals","AT06"
"53","080538","Castellbell i el Vilar","07","Bages","Comarques Centrals","AT06"
"54","080543","Castellbisbal","40","Vallès Occidental","Metropolità","AT01"
"55","080556","Castellcir","42","Moianès","Metropolità","AT01"
"56","080569","Castelldefels","11","Baix Llobregat","Metropolità","AT01"
"57","080575","Castell de l'Areny","14","Berguedà","Comarques Centrals","AT06"
"58","080581","Castellet i la Gornal","03","Alt Penedès","Penedès","AT08"
"59","080594","Castellfollit del Boix","07","Bages","Comarques Centrals","AT06"
"60","080608","Castellfollit de Riubregós","06","Anoia","Comarques Centrals","AT06"
"61","080615","Castellgalí","07","Bages","Comarques Centrals","AT06"
"62","080620","Castellnou de Bages","07","Bages","Comarques Centrals","AT06"
"63","080636","Castellolí","06","Anoia","Penedès","AT08"
"64","080641","Castellterçol","42","Moianès","Metropolità","AT01"
"65","080654","Castellví de la Marca","03","Alt Penedès","Penedès","AT08"
"66","080667","Castellví de Rosanes","11","Baix Llobregat","Metropolità","AT01"
"67","080673","Centelles","24","Osona","Comarques Centrals","AT06"
"68","080689","Cervelló","11","Baix Llobregat","Metropolità","AT01"
"69","080692","Collbató","11","Baix Llobregat","Metropolità","AT01"
"70","080706","Collsuspina","42","Moianès","Comarques Centrals","AT06"
"71","080713","Copons","06","Anoia","Penedès","AT08"
"72","080728","Corbera de Llobregat","11","Baix Llobregat","Metropolità","AT01"
"73","080734","Cornellà de Llobregat","11","Baix Llobregat","Metropolità","AT01"
"74","080749","Cubelles","17","Garraf","Penedès","AT08"
"75","080752","Dosrius","21","Maresme","Metropolità","AT01"
"76","080765","Esparreguera","11","Baix Llobregat","Metropolità","AT01"
"77","080771","Esplugues de Llobregat","11","Baix Llobregat","Metropolità","AT01"
"78","080787","Espunyola, l'","14","Berguedà","Comarques Centrals","AT06"
"79","080790","Estany, l'","42","Moianès","Comarques Centrals","AT06"
"80","080804","Fígols","14","Berguedà","Comarques Centrals","AT06"
"81","080811","Fogars de Montclús","41","Vallès Oriental","Metropolità","AT01"
"82","080826","Fogars de la Selva","34","Selva","Comarques Gironines","AT02"
"83","080832","Folgueroles","24","Osona","Comarques Centrals","AT06"
"84","080847","Fonollosa","07","Bages","Comarques Centrals","AT06"
"85","080850","Font-rubí","03","Alt Penedès","Penedès","AT08"
"86","080863","Franqueses del Vallès, les","41","Vallès Oriental","Metropolità","AT01"
"87","080879","Gallifa","40","Vallès Occidental","Metropolità","AT01"
"88","080885","Garriga, la","41","Vallès Oriental","Metropolità","AT01"
"89","080898","Gavà","11","Baix Llobregat","Metropolità","AT01"
"90","080902","Gaià","07","Bages","Comarques Centrals","AT06"
"91","080919","Gelida","03","Alt Penedès","Penedès","AT08"
"92","080924","Gironella","14","Berguedà","Comarques Centrals","AT06"
"93","080930","Gisclareny","14","Berguedà","Comarques Centrals","AT06"
"94","080945","Granada, la","03","Alt Penedès","Penedès","AT08"
"95","080958","Granera","42","Moianès","Metropolità","AT01"
"96","080961","Granollers","41","Vallès Oriental","Metropolità","AT01"
"97","080977","Gualba","41","Vallès Oriental","Metropolità","AT01"
"98","080983","Sant Salvador de Guardiola","07","Bages","Comarques Centrals","AT06"
"99","080996","Guardiola de Berguedà","14","Berguedà","Comarques Centrals","AT06"
"100","081000","Gurb","24","Osona","Comarques Centrals","AT06"
"101","081017","Hospitalet de Llobregat, l'","13","Barcelonès","Metropolità","AT01"
"102","081022","Igualada","06","Anoia","Penedès","AT08"
"103","081038","Jorba","06","Anoia","Penedès","AT08"
"104","081043","Llacuna, la","06","Anoia","Penedès","AT08"
"105","081056","Llagosta, la","41","Vallès Oriental","Metropolità","AT01"
"106","081069","Llinars del Vallès","41","Vallès Oriental","Metropolità","AT01"
"107","081075","Lliçà d'Amunt","41","Vallès Oriental","Metropolità","AT01"
"108","081081","Lliçà de Vall","41","Vallès Oriental","Metropolità","AT01"
"109","081094","Lluçà","24","Osona","Comarques Centrals","AT06"
"110","081108","Malgrat de Mar","21","Maresme","Metropolità","AT01"
"111","081115","Malla","24","Osona","Comarques Centrals","AT06"
"112","081120","Manlleu","24","Osona","Comarques Centrals","AT06"
"113","081136","Manresa","07","Bages","Comarques Centrals","AT06"
"114","081141","Martorell","11","Baix Llobregat","Metropolità","AT01"
"115","081154","Martorelles","41","Vallès Oriental","Metropolità","AT01"
"116","081167","Masies de Roda, les","24","Osona","Comarques Centrals","AT06"
"117","081173","Masies de Voltregà, les","24","Osona","Comarques Centrals","AT06"
"118","081189","Masnou, el","21","Maresme","Metropolità","AT01"
"119","081192","Masquefa","06","Anoia","Penedès","AT08"
"120","081206","Matadepera","40","Vallès Occidental","Metropolità","AT01"
"121","081213","Mataró","21","Maresme","Metropolità","AT01"
"122","081228","Mediona","03","Alt Penedès","Penedès","AT08"
"123","081234","Molins de Rei","11","Baix Llobregat","Metropolità","AT01"
"124","081249","Mollet del Vallès","41","Vallès Oriental","Metropolità","AT01"
"125","081252","Montcada i Reixac","40","Vallès Occidental","Metropolità","AT01"
"126","081265","Montgat","21","Maresme","Metropolità","AT01"
"127","081271","Monistrol de Montserrat","07","Bages","Comarques Centrals","AT06"
"128","081287","Monistrol de Calders","42","Moianès","Comarques Centrals","AT06"
"129","081290","Muntanyola","24","Osona","Comarques Centrals","AT06"
"130","081304","Montclar","14","Berguedà","Comarques Centrals","AT06"
"131","081311","Montesquiu","24","Osona","Comarques Centrals","AT06"
"132","081326","Montmajor","14","Berguedà","Comarques Centrals","AT06"
"133","081332","Montmaneu","06","Anoia","Penedès","AT08"
"134","081347","Figaró-Montmany","41","Vallès Oriental","Metropolità","AT01"
"135","081350","Montmeló","41","Vallès Oriental","Metropolità","AT01"
"136","081363","Montornès del Vallès","41","Vallès Oriental","Metropolità","AT01"
"137","081379","Montseny","41","Vallès Oriental","Metropolità","AT01"
"138","081385","Moià","07","Moianès","Comarques Centrals","AT06"
"139","081398","Mura","07","Bages","Comarques Centrals","AT06"
"140","081402","Navarcles","07","Bages","Comarques Centrals","AT06"
"141","081419","Navàs","07","Bages","Comarques Centrals","AT06"
"142","081424","Nou de Berguedà, la","14","Berguedà","Comarques Centrals","AT06"
"143","081430","Òdena","06","Anoia","Penedès","AT08"
"144","081445","Olvan","14","Berguedà","Comarques Centrals","AT06"
"145","081458","Olèrdola","03","Alt Penedès","Penedès","AT08"
"146","081461","Olesa de Bonesvalls","03","Alt Penedès","Penedès","AT08"
"147","081477","Olesa de Montserrat","11","Baix Llobregat","Metropolità","AT01"
"148","081483","Olivella","17","Garraf","Penedès","AT08"
"149","081496","Olost","24","Osona","Comarques Centrals","AT06"
"150","081509","Orís","24","Osona","Comarques Centrals","AT06"
"151","081516","Oristà","24","Osona","Comarques Centrals","AT06"
"152","081521","Orpí","06","Anoia","Penedès","AT08"
"153","081537","Òrrius","21","Maresme","Metropolità","AT01"
"154","081542","Pacs del Penedès","03","Alt Penedès","Penedès","AT08"
"155","081555","Palafolls","21","Maresme","Metropolità","AT01"
"156","081568","Palau-solità i Plegamans","40","Vallès Occidental","Metropolità","AT01"
"157","081574","Pallejà","11","Baix Llobregat","Metropolità","AT01"
"158","081580","Papiol, el","11","Baix Llobregat","Metropolità","AT01"
"159","081593","Parets del Vallès","41","Vallès Oriental","Metropolità","AT01"
"160","081607","Perafita","24","Osona","Comarques Centrals","AT06"
"161","081614","Piera","06","Anoia","Penedès","AT08"
"162","081629","Hostalets de Pierola, els","06","Anoia","Penedès","AT08"
"163","081635","Pineda de Mar","21","Maresme","Metropolità","AT01"
"164","081640","Pla del Penedès, el","03","Alt Penedès","Penedès","AT08"
"165","081653","Pobla de Claramunt, la","06","Anoia","Penedès","AT08"
"166","081666","Pobla de Lillet, la","14","Berguedà","Comarques Centrals","AT06"
"167","081672","Polinyà","40","Vallès Occidental","Metropolità","AT01"
"168","081688","Pontons","03","Alt Penedès","Penedès","AT08"
"169","081691","Prat de Llobregat, el","11","Baix Llobregat","Metropolità","AT01"
"170","081705","Prats de Rei, els","06","Anoia","Comarques Centrals","AT06"
"171","081712","Prats de Lluçanès","24","Osona","Comarques Centrals","AT06"
"172","081727","Premià de Mar","21","Maresme","Metropolità","AT01"
"173","081748","Puigdàlber","03","Alt Penedès","Penedès","AT08"
"174","081751","Puig-reig","14","Berguedà","Comarques Centrals","AT06"
"175","081764","Pujalt","06","Anoia","Comarques Centrals","AT06"
"176","081770","Quar, la","14","Berguedà","Comarques Centrals","AT06"
"177","081786","Rajadell","07","Bages","Comarques Centrals","AT06"
"178","081799","Rellinars","40","Vallès Occidental","Metropolità","AT01"
"179","081803","Ripollet","40","Vallès Occidental","Metropolità","AT01"
"180","081810","Roca del Vallès, la","41","Vallès Oriental","Metropolità","AT01"
"181","081825","Pont de Vilomara i Rocafort, el","07","Bages","Comarques Centrals","AT06"
"182","081831","Roda de Ter","24","Osona","Comarques Centrals","AT06"
"183","081846","Rubí","40","Vallès Occidental","Metropolità","AT01"
"184","081859","Rubió","06","Anoia","Penedès","AT08"
"185","081878","Sabadell","40","Vallès Occidental","Metropolità","AT01"
"186","081884","Sagàs","14","Berguedà","Comarques Centrals","AT06"
"187","081897","Sant Pere Sallavinera","06","Anoia","Comarques Centrals","AT06"
"188","081901","Saldes","14","Berguedà","Comarques Centrals","AT06"
"189","081918","Sallent","07","Bages","Comarques Centrals","AT06"
"190","081923","Santpedor","07","Bages","Comarques Centrals","AT06"
"191","081939","Sant Iscle de Vallalta","21","Maresme","Metropolità","AT01"
"192","081944","Sant Adrià de Besòs","13","Barcelonès","Metropolità","AT01"
"193","081957","Sant Agustí de Lluçanès","24","Osona","Comarques Centrals","AT06"
"194","081960","Sant Andreu de la Barca","11","Baix Llobregat","Metropolità","AT01"
"195","081976","Sant Andreu de Llavaneres","21","Maresme","Metropolità","AT01"
"196","081982","Sant Antoni de Vilamajor","41","Vallès Oriental","Metropolità","AT01"
"197","081995","Sant Bartomeu del Grau","24","Osona","Comarques Centrals","AT06"
"198","082009","Sant Boi de Llobregat","11","Baix Llobregat","Metropolità","AT01"
"199","082016","Sant Boi de Lluçanès","24","Osona","Comarques Centrals","AT06"
"200","082021","Sant Celoni","41","Vallès Oriental","Metropolità","AT01"
"201","082037","Sant Cebrià de Vallalta","21","Maresme","Metropolità","AT01"
"202","082042","Sant Climent de Llobregat","11","Baix Llobregat","Metropolità","AT01"
"203","082055","Sant Cugat del Vallès","40","Vallès Occidental","Metropolità","AT01"
"204","082068","Sant Cugat Sesgarrigues","03","Alt Penedès","Penedès","AT08"
"205","082074","Sant Esteve de Palautordera","41","Vallès Oriental","Metropolità","AT01"
"206","082080","Sant Esteve Sesrovires","11","Baix Llobregat","Metropolità","AT01"
"207","082093","Sant Fost de Campsentelles","41","Vallès Oriental","Metropolità","AT01"
"208","082107","Sant Feliu de Codines","41","Vallès Oriental","Metropolità","AT01"
"209","082114","Sant Feliu de Llobregat","11","Baix Llobregat","Metropolità","AT01"
"210","082129","Sant Feliu Sasserra","07","Bages","Comarques Centrals","AT06"
"211","082135","Sant Fruitós de Bages","07","Bages","Comarques Centrals","AT06"
"212","082140","Vilassar de Dalt","21","Maresme","Metropolità","AT01"
"213","082153","Sant Hipòlit de Voltregà","24","Osona","Comarques Centrals","AT06"
"214","082166","Sant Jaume de Frontanyà","14","Berguedà","Comarques Centrals","AT06"
"215","082172","Sant Joan Despí","11","Baix Llobregat","Metropolità","AT01"
"216","082188","Sant Joan de Vilatorrada","07","Bages","Comarques Centrals","AT06"
"217","082191","Vilassar de Mar","21","Maresme","Metropolità","AT01"
"218","082205","Sant Julià de Vilatorta","24","Osona","Comarques Centrals","AT06"
"219","082212","Sant Just Desvern","11","Baix Llobregat","Metropolità","AT01"
"220","082227","Sant Llorenç d'Hortons","03","Alt Penedès","Penedès","AT08"
"221","082233","Sant Llorenç Savall","40","Vallès Occidental","Metropolità","AT01"
"222","082248","Sant Martí de Centelles","24","Osona","Comarques Centrals","AT06"
"223","082251","Sant Martí d'Albars","24","Osona","Comarques Centrals","AT06"
"224","082264","Sant Martí de Tous","06","Anoia","Penedès","AT08"
"225","082270","Sant Martí Sarroca","03","Alt Penedès","Penedès","AT08"
"226","082286","Sant Martí Sesgueioles","06","Anoia","Comarques Centrals","AT06"
"227","082299","Sant Mateu de Bages","07","Bages","Comarques Centrals","AT06"
"228","082303","Premià de Dalt","21","Maresme","Metropolità","AT01"
"229","082310","Sant Pere de Ribes","17","Garraf","Penedès","AT08"
"230","082325","Sant Pere de Riudebitlles","03","Alt Penedès","Penedès","AT08"
"231","082331","Sant Pere de Torelló","24","Osona","Comarques Centrals","AT06"
"232","082346","Sant Pere de Vilamajor","41","Vallès Oriental","Metropolità","AT01"
"233","082359","Sant Pol de Mar","21","Maresme","Metropolità","AT01"
"234","082362","Sant Quintí de Mediona","03","Alt Penedès","Penedès","AT08"
"235","082378","Sant Quirze de Besora","24","Osona","Comarques Centrals","AT06"
"236","082384","Sant Quirze del Vallès","40","Vallès Occidental","Metropolità","AT01"
"237","082397","Sant Quirze Safaja","42","Moianès","Metropolità","AT01"
"238","082401","Sant Sadurní d'Anoia","03","Alt Penedès","Penedès","AT08"
"239","082418","Sant Sadurní d'Osormort","24","Osona","Comarques Centrals","AT06"
"240","082423","Marganell","07","Bages","Comarques Centrals","AT06"
"241","082439","Santa Cecília de Voltregà","24","Osona","Comarques Centrals","AT06"
"242","082444","Santa Coloma de Cervelló","11","Baix Llobregat","Metropolità","AT01"
"243","082457","Santa Coloma de Gramenet","13","Barcelonès","Metropolità","AT01"
"244","082460","Santa Eugènia de Berga","24","Osona","Comarques Centrals","AT06"
"245","082476","Santa Eulàlia de Riuprimer","24","Osona","Comarques Centrals","AT06"
"246","082482","Santa Eulàlia de Ronçana","41","Vallès Oriental","Metropolità","AT01"
"247","082495","Santa Fe del Penedès","03","Alt Penedès","Penedès","AT08"
"248","082508","Santa Margarida de Montbui","06","Anoia","Penedès","AT08"
"249","082515","Santa Margarida i els Monjos","03","Alt Penedès","Penedès","AT08"
"250","082520","Barberà del Vallès","40","Vallès Occidental","Metropolità","AT01"
"251","082536","Santa Maria de Besora","24","Osona","Comarques Centrals","AT06"
"252","082541","Esquirol, l'","24","Osona","Comarques Centrals","AT06"
"253","082554","Santa Maria de Merlès","14","Berguedà","Comarques Centrals","AT06"
"254","082567","Santa Maria de Martorelles","41","Vallès Oriental","Metropolità","AT01"
"255","082573","Santa Maria de Miralles","06","Anoia","Penedès","AT08"
"256","082589","Santa Maria d'Oló","42","Moianès","Comarques Centrals","AT06"
"257","082592","Santa Maria de Palautordera","41","Vallès Oriental","Metropolità","AT01"
"258","082606","Santa Perpètua de Mogoda","40","Vallès Occidental","Metropolità","AT01"
"259","082613","Santa Susanna","21","Maresme","Metropolità","AT01"
"260","082628","Sant Vicenç de Castellet","07","Bages","Comarques Centrals","AT06"
"261","082634","Sant Vicenç dels Horts","11","Baix Llobregat","Metropolità","AT01"
"262","082649","Sant Vicenç de Montalt","21","Maresme","Metropolità","AT01"
"263","082652","Sant Vicenç de Torelló","24","Osona","Comarques Centrals","AT06"
"264","082665","Cerdanyola del Vallès","40","Vallès Occidental","Metropolità","AT01"
"265","082671","Sentmenat","40","Vallès Occidental","Metropolità","AT01"
"266","082687","Cercs","14","Berguedà","Comarques Centrals","AT06"
"267","082690","Seva","24","Osona","Comarques Centrals","AT06"
"268","082704","Sitges","17","Garraf","Penedès","AT08"
"269","082711","Sobremunt","24","Osona","Comarques Centrals","AT06"
"270","082726","Sora","24","Osona","Comarques Centrals","AT06"
"271","082732","Subirats","03","Alt Penedès","Penedès","AT08"
"272","082747","Súria","07","Bages","Comarques Centrals","AT06"
"273","082750","Tavèrnoles","24","Osona","Comarques Centrals","AT06"
"274","082763","Tagamanent","41","Vallès Oriental","Metropolità","AT01"
"275","082779","Talamanca","07","Bages","Comarques Centrals","AT06"
"276","082785","Taradell","24","Osona","Comarques Centrals","AT06"
"277","082798","Terrassa","40","Vallès Occidental","Metropolità","AT01"
"278","082802","Tavertet","24","Osona","Comarques Centrals","AT06"
"279","082819","Teià","21","Maresme","Metropolità","AT01"
"280","082824","Tiana","21","Maresme","Metropolità","AT01"
"281","082830","Tona","24","Osona","Comarques Centrals","AT06"
"282","082845","Tordera","21","Maresme","Metropolità","AT01"
"283","082858","Torelló","24","Osona","Comarques Centrals","AT06"
"284","082861","Torre de Claramunt, la","06","Anoia","Penedès","AT08"
"285","082877","Torrelavit","03","Alt Penedès","Penedès","AT08"
"286","082883","Torrelles de Foix","03","Alt Penedès","Penedès","AT08"
"287","082896","Torrelles de Llobregat","11","Baix Llobregat","Metropolità","AT01"
"288","082900","Ullastrell","40","Vallès Occidental","Metropolità","AT01"
"289","082917","Vacarisses","40","Vallès Occidental","Metropolità","AT01"
"290","082922","Vallbona d'Anoia","06","Anoia","Penedès","AT08"
"291","082938","Vallcebre","14","Berguedà","Comarques Centrals","AT06"
"292","082943","Vallgorguina","41","Vallès Oriental","Metropolità","AT01"
"293","082956","Vallirana","11","Baix Llobregat","Metropolità","AT01"
"294","082969","Vallromanes","41","Vallès Oriental","Metropolità","AT01"
"295","082975","Veciana","06","Anoia","Comarques Centrals","AT06"
"296","082981","Vic","24","Osona","Comarques Centrals","AT06"
"297","082994","Vilada","14","Berguedà","Comarques Centrals","AT06"
"298","083008","Viladecavalls","40","Vallès Occidental","Metropolità","AT01"
"299","083015","Viladecans","11","Baix Llobregat","Metropolità","AT01"
"300","083020","Vilanova del Camí","06","Anoia","Penedès","AT08"
"301","083036","Vilanova de Sau","24","Osona","Comarques Centrals","AT06"
"302","083041","Vilobí del Penedès","03","Alt Penedès","Penedès","AT08"
"303","083054","Vilafranca del Penedès","03","Alt Penedès","Penedès","AT08"
"304","083067","Vilalba Sasserra","41","Vallès Oriental","Metropolità","AT01"
"305","083073","Vilanova i la Geltrú","17","Garraf","Penedès","AT08"
"306","083089","Viver i Serrateix","14","Berguedà","Comarques Centrals","AT06"
"307","089019","Rupit i Pruit","24","Osona","Comarques Centrals","AT06"
"308","089024","Vilanova del Vallès","41","Vallès Oriental","Metropolità","AT01"
"309","089030","Sant Julià de Cerdanyola","14","Berguedà","Comarques Centrals","AT06"
"310","089045","Badia del Vallès","40","Vallès Occidental","Metropolità","AT01"
"311","089058","Palma de Cervelló, la","11","Baix Llobregat","Metropolità","AT01"
"312","170010","Agullana","02","Alt Empordà","Comarques Gironines","AT02"
"313","170025","Aiguaviva","20","Gironès","Comarques Gironines","AT02"
"314","170031","Albanyà","02","Alt Empordà","Comarques Gironines","AT02"
"315","170046","Albons","10","Baix Empordà","Comarques Gironines","AT02"
"316","170059","Far d'Empordà, el","02","Alt Empordà","Comarques Gironines","AT02"
"317","170062","Alp","15","Cerdanya","Alt Pirineu i Aran","AT07"
"318","170078","Amer","34","Selva","Comarques Gironines","AT02"
"319","170084","Anglès","34","Selva","Comarques Gironines","AT02"
"320","170097","Arbúcies","34","Selva","Comarques Gironines","AT02"
"321","170101","Argelaguer","19","Garrotxa","Comarques Gironines","AT02"
"322","170118","Armentera, l'","02","Alt Empordà","Comarques Gironines","AT02"
"323","170123","Avinyonet de Puigventós","02","Alt Empordà","Comarques Gironines","AT02"
"324","170139","Begur","10","Baix Empordà","Comarques Gironines","AT02"
"325","170144","Vajol, la","02","Alt Empordà","Comarques Gironines","AT02"
"326","170157","Banyoles","28","Pla de l'Estany","Comarques Gironines","AT02"
"327","170160","Bàscara","02","Alt Empordà","Comarques Gironines","AT02"
"328","170182","Bellcaire d'Empordà","10","Baix Empordà","Comarques Gironines","AT02"
"329","170195","Besalú","19","Garrotxa","Comarques Gironines","AT02"
"330","170209","Bescanó","20","Gironès","Comarques Gironines","AT02"
"331","170216","Beuda","19","Garrotxa","Comarques Gironines","AT02"
"332","170221","Bisbal d'Empordà, la","10","Baix Empordà","Comarques Gironines","AT02"
"333","170237","Blanes","34","Selva","Comarques Gironines","AT02"
"334","170242","Bolvir","15","Cerdanya","Alt Pirineu i Aran","AT07"
"335","170255","Bordils","20","Gironès","Comarques Gironines","AT02"
"336","170268","Borrassà","02","Alt Empordà","Comarques Gironines","AT02"
"337","170274","Breda","34","Selva","Comarques Gironines","AT02"
"338","170280","Brunyola i Sant Martí Sapresa","34","Selva","Comarques Gironines","AT02"
"339","170293","Boadella i les Escaules","02","Alt Empordà","Comarques Gironines","AT02"
"340","170307","Cabanes","02","Alt Empordà","Comarques Gironines","AT02"
"341","170314","Cabanelles","02","Alt Empordà","Comarques Gironines","AT02"
"342","170329","Cadaqués","02","Alt Empordà","Comarques Gironines","AT02"
"343","170335","Caldes de Malavella","34","Selva","Comarques Gironines","AT02"
"344","170340","Calonge i Sant Antoni","10","Baix Empordà","Comarques Gironines","AT02"
"345","170353","Camós","28","Pla de l'Estany","Comarques Gironines","AT02"
"346","170366","Campdevànol","31","Ripollès","Comarques Gironines","AT02"
"347","170372","Campelles","31","Ripollès","Comarques Gironines","AT02"
"348","170388","Campllong","20","Gironès","Comarques Gironines","AT02"
"349","170391","Camprodon","31","Ripollès","Comarques Gironines","AT02"
"350","170405","Canet d'Adri","20","Gironès","Comarques Gironines","AT02"
"351","170412","Cantallops","02","Alt Empordà","Comarques Gironines","AT02"
"352","170427","Capmany","02","Alt Empordà","Comarques Gironines","AT02"
"353","170433","Queralbs","31","Ripollès","Comarques Gironines","AT02"
"354","170448","Cassà de la Selva","20","Gironès","Comarques Gironines","AT02"
"355","170464","Castellfollit de la Roca","19","Garrotxa","Comarques Gironines","AT02"
"356","170470","Castelló d'Empúries","02","Alt Empordà","Comarques Gironines","AT02"
"357","170486","Castell-Platja d'Aro","10","Baix Empordà","Comarques Gironines","AT02"
"358","170499","Celrà","20","Gironès","Comarques Gironines","AT02"
"359","170502","Cervià de Ter","20","Gironès","Comarques Gironines","AT02"
"360","170519","Cistella","02","Alt Empordà","Comarques Gironines","AT02"
"361","170524","Siurana","02","Alt Empordà","Comarques Gironines","AT02"
"362","170545","Colera","02","Alt Empordà","Comarques Gironines","AT02"
"363","170558","Colomers","10","Baix Empordà","Comarques Gironines","AT02"
"364","170561","Cornellà del Terri","28","Pla de l'Estany","Comarques Gironines","AT02"
"365","170577","Corçà","10","Baix Empordà","Comarques Gironines","AT02"
"366","170583","Crespià","28","Pla de l'Estany","Comarques Gironines","AT02"
"367","170600","Darnius","02","Alt Empordà","Comarques Gironines","AT02"
"368","170617","Das","15","Cerdanya","Alt Pirineu i Aran","AT07"
"369","170622","Escala, l'","02","Alt Empordà","Comarques Gironines","AT02"
"370","170638","Espinelves","24","Osona","Comarques Centrals","AT06"
"371","170643","Espolla","02","Alt Empordà","Comarques Gironines","AT02"
"372","170656","Esponellà","28","Pla de l'Estany","Comarques Gironines","AT02"
"373","170669","Figueres","02","Alt Empordà","Comarques Gironines","AT02"
"374","170675","Flaçà","20","Gironès","Comarques Gironines","AT02"
"375","170681","Foixà","10","Baix Empordà","Comarques Gironines","AT02"
"376","170694","Fontanals de Cerdanya","15","Cerdanya","Alt Pirineu i Aran","AT07"
"377","170708","Fontanilles","10","Baix Empordà","Comarques Gironines","AT02"
"378","170715","Fontcoberta","28","Pla de l'Estany","Comarques Gironines","AT02"
"379","170736","Fornells de la Selva","20","Gironès","Comarques Gironines","AT02"
"380","170741","Fortià","02","Alt Empordà","Comarques Gironines","AT02"
"381","170754","Garrigàs","02","Alt Empordà","Comarques Gironines","AT02"
"382","170767","Garrigoles","10","Baix Empordà","Comarques Gironines","AT02"
"383","170773","Garriguella","02","Alt Empordà","Comarques Gironines","AT02"
"384","170789","Ger","15","Cerdanya","Alt Pirineu i Aran","AT07"
"385","170792","Girona","20","Gironès","Comarques Gironines","AT02"
"386","170806","Gombrèn","31","Ripollès","Comarques Gironines","AT02"
"387","170813","Gualta","10","Baix Empordà","Comarques Gironines","AT02"
"388","170828","Guils de Cerdanya","15","Cerdanya","Alt Pirineu i Aran","AT07"
"389","170834","Hostalric","34","Selva","Comarques Gironines","AT02"
"390","170849","Isòvol","15","Cerdanya","Alt Pirineu i Aran","AT07"
"391","170852","Jafre","10","Baix Empordà","Comarques Gironines","AT02"
"392","170865","Jonquera, la","02","Alt Empordà","Comarques Gironines","AT02"
"393","170871","Juià","20","Gironès","Comarques Gironines","AT02"
"394","170887","Lladó","02","Alt Empordà","Comarques Gironines","AT02"
"395","170890","Llagostera","20","Gironès","Comarques Gironines","AT02"
"396","170904","Llambilles","20","Gironès","Comarques Gironines","AT02"
"397","170911","Llanars","31","Ripollès","Comarques Gironines","AT02"
"398","170926","Llançà","02","Alt Empordà","Comarques Gironines","AT02"
"399","170932","Llers","02","Alt Empordà","Comarques Gironines","AT02"
"400","170947","Llívia","15","Cerdanya","Alt Pirineu i Aran","AT07"
"401","170950","Lloret de Mar","34","Selva","Comarques Gironines","AT02"
"402","170963","Llosses, les","31","Ripollès","Comarques Gironines","AT02"
"403","170979","Madremanya","20","Gironès","Comarques Gironines","AT02"
"404","170985","Maià de Montcal","19","Garrotxa","Comarques Gironines","AT02"
"405","170998","Meranges","15","Cerdanya","Alt Pirineu i Aran","AT07"
"406","171002","Masarac","02","Alt Empordà","Comarques Gironines","AT02"
"407","171019","Massanes","34","Selva","Comarques Gironines","AT02"
"408","171024","Maçanet de Cabrenys","02","Alt Empordà","Comarques Gironines","AT02"
"409","171030","Maçanet de la Selva","34","Selva","Comarques Gironines","AT02"
"410","171058","Mieres","19","Garrotxa","Comarques Gironines","AT02"
"411","171061","Mollet de Peralada","02","Alt Empordà","Comarques Gironines","AT02"
"412","171077","Molló","31","Ripollès","Comarques Gironines","AT02"
"413","171096","Montagut i Oix","19","Garrotxa","Comarques Gironines","AT02"
"414","171100","Mont-ras","10","Baix Empordà","Comarques Gironines","AT02"
"415","171117","Navata","02","Alt Empordà","Comarques Gironines","AT02"
"416","171122","Ogassa","31","Ripollès","Comarques Gironines","AT02"
"417","171143","Olot","19","Garrotxa","Comarques Gironines","AT02"
"418","171156","Ordis","02","Alt Empordà","Comarques Gironines","AT02"
"419","171169","Osor","34","Selva","Comarques Gironines","AT02"
"420","171175","Palafrugell","10","Baix Empordà","Comarques Gironines","AT02"
"421","171181","Palamós","10","Baix Empordà","Comarques Gironines","AT02"
"422","171194","Palau de Santa Eulàlia","02","Alt Empordà","Comarques Gironines","AT02"
"423","171208","Palau-saverdera","02","Alt Empordà","Comarques Gironines","AT02"
"424","171215","Palau-sator","10","Baix Empordà","Comarques Gironines","AT02"
"425","171236","Palol de Revardit","28","Pla de l'Estany","Comarques Gironines","AT02"
"426","171241","Pals","10","Baix Empordà","Comarques Gironines","AT02"
"427","171254","Pardines","31","Ripollès","Comarques Gironines","AT02"
"428","171267","Parlavà","10","Baix Empordà","Comarques Gironines","AT02"
"429","171289","Pau","02","Alt Empordà","Comarques Gironines","AT02"
"430","171292","Pedret i Marzà","02","Alt Empordà","Comarques Gironines","AT02"
"431","171306","Pera, la","10","Baix Empordà","Comarques Gironines","AT02"
"432","171328","Peralada","02","Alt Empordà","Comarques Gironines","AT02"
"433","171334","Planes d'Hostoles, les","19","Garrotxa","Comarques Gironines","AT02"
"434","171349","Planoles","31","Ripollès","Comarques Gironines","AT02"
"435","171352","Pont de Molins","02","Alt Empordà","Comarques Gironines","AT02"
"436","171365","Pontós","02","Alt Empordà","Comarques Gironines","AT02"
"437","171371","Porqueres","28","Pla de l'Estany","Comarques Gironines","AT02"
"438","171387","Portbou","02","Alt Empordà","Comarques Gironines","AT02"
"439","171390","Preses, les","19","Garrotxa","Comarques Gironines","AT02"
"440","171404","Port de la Selva, el","02","Alt Empordà","Comarques Gironines","AT02"
"441","171411","Puigcerdà","15","Cerdanya","Alt Pirineu i Aran","AT07"
"442","171426","Quart","20","Gironès","Comarques Gironines","AT02"
"443","171432","Rabós","02","Alt Empordà","Comarques Gironines","AT02"
"444","171447","Regencós","10","Baix Empordà","Comarques Gironines","AT02"
"445","171450","Ribes de Freser","31","Ripollès","Comarques Gironines","AT02"
"446","171463","Riells i Viabrea","34","Selva","Comarques Gironines","AT02"
"447","171479","Ripoll","31","Ripollès","Comarques Gironines","AT02"
"448","171485","Riudarenes","34","Selva","Comarques Gironines","AT02"
"449","171498","Riudaura","19","Garrotxa","Comarques Gironines","AT02"
"450","171501","Riudellots de la Selva","34","Selva","Comarques Gironines","AT02"
"451","171518","Riumors","02","Alt Empordà","Comarques Gironines","AT02"
"452","171523","Roses","02","Alt Empordà","Comarques Gironines","AT02"
"453","171539","Rupià","10","Baix Empordà","Comarques Gironines","AT02"
"454","171544","Sales de Llierca","19","Garrotxa","Comarques Gironines","AT02"
"455","171557","Salt","20","Gironès","Comarques Gironines","AT02"
"456","171576","Sant Andreu Salou","20","Gironès","Comarques Gironines","AT02"
"457","171582","Sant Climent Sescebes","02","Alt Empordà","Comarques Gironines","AT02"
"458","171595","Sant Feliu de Buixalleu","34","Selva","Comarques Gironines","AT02"
"459","171609","Sant Feliu de Guíxols","10","Baix Empordà","Comarques Gironines","AT02"
"460","171616","Sant Feliu de Pallerols","19","Garrotxa","Comarques Gironines","AT02"
"461","171621","Sant Ferriol","19","Garrotxa","Comarques Gironines","AT02"
"462","171637","Sant Gregori","20","Gironès","Comarques Gironines","AT02"
"463","171642","Sant Hilari Sacalm","34","Selva","Comarques Gironines","AT02"
"464","171655","Sant Jaume de Llierca","19","Garrotxa","Comarques Gironines","AT02"
"465","171668","Sant Jordi Desvalls","20","Gironès","Comarques Gironines","AT02"
"466","171674","Sant Joan de les Abadesses","31","Ripollès","Comarques Gironines","AT02"
"467","171680","Sant Joan de Mollet","20","Gironès","Comarques Gironines","AT02"
"468","171693","Sant Julià de Ramis","20","Gironès","Comarques Gironines","AT02"
"469","171707","Vallfogona de Ripollès","31","Ripollès","Comarques Gironines","AT02"
"470","171714","Sant Llorenç de la Muga","02","Alt Empordà","Comarques Gironines","AT02"
"471","171729","Sant Martí de Llémena","20","Gironès","Comarques Gironines","AT02"
"472","171735","Sant Martí Vell","20","Gironès","Comarques Gironines","AT02"
"473","171740","Sant Miquel de Campmajor","28","Pla de l'Estany","Comarques Gironines","AT02"
"474","171753","Sant Miquel de Fluvià","02","Alt Empordà","Comarques Gironines","AT02"
"475","171766","Sant Mori","02","Alt Empordà","Comarques Gironines","AT02"
"476","171772","Sant Pau de Segúries","31","Ripollès","Comarques Gironines","AT02"
"477","171788","Sant Pere Pescador","02","Alt Empordà","Comarques Gironines","AT02"
"478","171805","Santa Coloma de Farners","34","Selva","Comarques Gironines","AT02"
"479","171812","Santa Cristina d'Aro","10","Baix Empordà","Comarques Gironines","AT02"
"480","171827","Santa Llogaia d'Àlguema","02","Alt Empordà","Comarques Gironines","AT02"
"481","171833","Sant Aniol de Finestres","19","Garrotxa","Comarques Gironines","AT02"
"482","171848","Santa Pau","19","Garrotxa","Comarques Gironines","AT02"
"483","171851","Sant Joan les Fonts","19","Garrotxa","Comarques Gironines","AT02"
"484","171864","Sarrià de Ter","20","Gironès","Comarques Gironines","AT02"
"485","171870","Saus, Camallera i Llampaies","02","Alt Empordà","Comarques Gironines","AT02"
"486","171886","Selva de Mar, la","02","Alt Empordà","Comarques Gironines","AT02"
"487","171899","Cellera de Ter, la","34","Selva","Comarques Gironines","AT02"
"488","171903","Serinyà","28","Pla de l'Estany","Comarques Gironines","AT02"
"489","171910","Serra de Daró","10","Baix Empordà","Comarques Gironines","AT02"
"490","171925","Setcases","31","Ripollès","Comarques Gironines","AT02"
"491","171931","Sils","34","Selva","Comarques Gironines","AT02"
"492","171946","Susqueda","34","Selva","Comarques Gironines","AT02"
"493","171959","Tallada d'Empordà, la","10","Baix Empordà","Comarques Gironines","AT02"
"494","171962","Terrades","02","Alt Empordà","Comarques Gironines","AT02"
"495","171978","Torrent","10","Baix Empordà","Comarques Gironines","AT02"
"496","171984","Torroella de Fluvià","02","Alt Empordà","Comarques Gironines","AT02"
"497","171997","Torroella de Montgrí","10","Baix Empordà","Comarques Gironines","AT02"
"498","172001","Tortellà","19","Garrotxa","Comarques Gironines","AT02"
"499","172018","Toses","31","Ripollès","Comarques Gironines","AT02"
"500","172023","Tossa de Mar","34","Selva","Comarques Gironines","AT02"
"501","172039","Ultramort","10","Baix Empordà","Comarques Gironines","AT02"
"502","172044","Ullà","10","Baix Empordà","Comarques Gironines","AT02"
"503","172057","Ullastret","10","Baix Empordà","Comarques Gironines","AT02"
"504","172060","Urús","15","Cerdanya","Alt Pirineu i Aran","AT07"
"505","172076","Vall d'en Bas, la","19","Garrotxa","Comarques Gironines","AT02"
"506","172082","Vall de Bianya, la","19","Garrotxa","Comarques Gironines","AT02"
"507","172095","Vall-llobrega","10","Baix Empordà","Comarques Gironines","AT02"
"508","172109","Ventalló","02","Alt Empordà","Comarques Gironines","AT02"
"509","172116","Verges","10","Baix Empordà","Comarques Gironines","AT02"
"510","172121","Vidrà","24","Osona","Comarques Centrals","AT06"
"511","172137","Vidreres","34","Selva","Comarques Gironines","AT02"
"512","172142","Vilabertran","02","Alt Empordà","Comarques Gironines","AT02"
"513","172155","Vilablareix","20","Gironès","Comarques Gironines","AT02"
"514","172168","Viladasens","20","Gironès","Comarques Gironines","AT02"
"515","172174","Viladamat","02","Alt Empordà","Comarques Gironines","AT02"
"516","172180","Vilademuls","28","Pla de l'Estany","Comarques Gironines","AT02"
"517","172207","Viladrau","24","Osona","Comarques Centrals","AT06"
"518","172214","Vilafant","02","Alt Empordà","Comarques Gironines","AT02"
"519","172229","Vilaür","02","Alt Empordà","Comarques Gironines","AT02"
"520","172235","Vilajuïga","02","Alt Empordà","Comarques Gironines","AT02"
"521","172240","Vilallonga de Ter","31","Ripollès","Comarques Gironines","AT02"
"522","172253","Vilamacolum","02","Alt Empordà","Comarques Gironines","AT02"
"523","172266","Vilamalla","02","Alt Empordà","Comarques Gironines","AT02"
"524","172272","Vilamaniscle","02","Alt Empordà","Comarques Gironines","AT02"
"525","172288","Vilanant","02","Alt Empordà","Comarques Gironines","AT02"
"526","172305","Vila-sacra","02","Alt Empordà","Comarques Gironines","AT02"
"527","172327","Vilopriu","10","Baix Empordà","Comarques Gironines","AT02"
"528","172333","Vilobí d'Onyar","34","Selva","Comarques Gironines","AT02"
"529","172348","Biure","02","Alt Empordà","Comarques Gironines","AT02"
"530","179011","Cruïlles, Monells i Sant Sadurní de l'Heura","10","Baix Empordà","Comarques Gironines","AT02"
"531","179026","Forallac","10","Baix Empordà","Comarques Gironines","AT02"
"532","179032","Sant Julià del Llor i Bonmatí","34","Selva","Comarques Gironines","AT02"
"533","250019","Abella de la Conca","25","Pallars Jussà","Alt Pirineu i Aran","AT07"
"534","250024","Àger","23","Noguera","Ponent","AT05"
"535","250030","Agramunt","38","Urgell","Ponent","AT05"
"536","250045","Alamús, els","33","Segrià","Ponent","AT05"
"537","250058","Alàs i Cerc","04","Alt Urgell","Alt Pirineu i Aran","AT07"
"538","250061","Albagés, l'","18","Garrigues","Ponent","AT05"
"539","250077","Albatàrrec","33","Segrià","Ponent","AT05"
"540","250083","Albesa","23","Noguera","Ponent","AT05"
"541","250096","Albi, l'","18","Garrigues","Ponent","AT05"
"542","250100","Alcanó","33","Segrià","Ponent","AT05"
"543","250117","Alcarràs","33","Segrià","Ponent","AT05"
"544","250122","Alcoletge","33","Segrià","Ponent","AT05"
"545","250138","Alfarràs","33","Segrià","Ponent","AT05"
"546","250143","Alfés","33","Segrià","Ponent","AT05"
"547","250156","Algerri","23","Noguera","Ponent","AT05"
"548","250169","Alguaire","33","Segrià","Ponent","AT05"
"549","250175","Alins","26","Pallars Sobirà","Alt Pirineu i Aran","AT07"
"550","250194","Almacelles","33","Segrià","Ponent","AT05"
"551","250208","Almatret","33","Segrià","Ponent","AT05"
"552","250215","Almenar","33","Segrià","Ponent","AT05"
"553","250220","Alòs de Balaguer","23","Noguera","Ponent","AT05"
"554","250236","Alpicat","33","Segrià","Ponent","AT05"
"555","250241","Alt Àneu","26","Pallars Sobirà","Alt Pirineu i Aran","AT07"
"556","250254","Naut Aran","39","Aran","Alt Pirineu i Aran","AT07"
"557","250273","Anglesola","38","Urgell","Ponent","AT05"
"558","250292","Arbeca","18","Garrigues","Ponent","AT05"
"559","250306","Pont de Bar, el","04","Alt Urgell","Alt Pirineu i Aran","AT07"
"560","250313","Arres","39","Aran","Alt Pirineu i Aran","AT07"
"561","250328","Arsèguel","04","Alt Urgell","Alt Pirineu i Aran","AT07"
"562","250334","Artesa de Lleida","33","Segrià","Ponent","AT05"
"563","250349","Artesa de Segre","23","Noguera","Ponent","AT05"
"564","250352","Sentiu de Sió, la","23","Noguera","Ponent","AT05"
"565","250365","Aspa","33","Segrià","Ponent","AT05"
"566","250371","Avellanes i Santa Linya, les","23","Noguera","Ponent","AT05"
"567","250387","Aitona","33","Segrià","Ponent","AT05"
"568","250390","Baix Pallars","26","Pallars Sobirà","Alt Pirineu i Aran","AT07"
"569","250404","Balaguer","23","Noguera","Ponent","AT05"
"570","250411","Barbens","27","Pla d'Urgell","Ponent","AT05"
"571","250426","Baronia de Rialb, la","23","Noguera","Ponent","AT05"
"572","250432","Vall de Boí, la","05","Alta Ribagorça","Alt Pirineu i Aran","AT07"
"573","250447","Bassella","04","Alt Urgell","Alt Pirineu i Aran","AT07"
"574","250450","Bausen","39","Aran","Alt Pirineu i Aran","AT07"
"575","250463","Belianes","38","Urgell","Ponent","AT05"
"576","250479","Bellcaire d'Urgell","23","Noguera","Ponent","AT05"
"577","250485","Bell-lloc d'Urgell","27","Pla d'Urgell","Ponent","AT05"
"578","250498","Bellmunt d'Urgell","23","Noguera","Ponent","AT05"
"579","250501","Bellpuig","38","Urgell","Ponent","AT05"
"580","250518","Bellver de Cerdanya","15","Cerdanya","Alt Pirineu i Aran","AT07"
"581","250523","Bellvís","27","Pla d'Urgell","Ponent","AT05"
"582","250539","Benavent de Segrià","33","Segrià","Ponent","AT05"
"583","250557","Biosca","32","Segarra","Ponent","AT05"
"584","250560","Bovera","18","Garrigues","Ponent","AT05"
"585","250576","Bòrdes, Es","39","Aran","Alt Pirineu i Aran","AT07"
"586","250582","Borges Blanques, les","18","Garrigues","Ponent","AT05"
"587","250595","Bossòst","39","Aran","Alt Pirineu i Aran","AT07"
"588","250609","Cabanabona","23","Noguera","Ponent","AT05"
"589","250616","Cabó","04","Alt Urgell","Alt Pirineu i Aran","AT07"
"590","250621","Camarasa","23","Noguera","Ponent","AT05"
"591","250637","Canejan","39","Aran","Alt Pirineu i Aran","AT07"
"592","250642","Castellar de la Ribera","35","Solsonès","Comarques Centrals","AT06"
"593","250674","Castelldans","18","Garrigues","Ponent","AT05"
"594","250680","Castellnou de Seana","27","Pla d'Urgell","Ponent","AT05"
"595","250693","Castelló de Farfanya","23","Noguera","Ponent","AT05"
"596","250707","Castellserà","38","Urgell","Ponent","AT05"
"597","250714","Cava","04","Alt Urgell","Alt Pirineu i Aran","AT07"
"598","250729","Cervera","32","Segarra","Ponent","AT05"
"599","250735","Cervià de les Garrigues","18","Garrigues","Ponent","AT05"
"600","250740","Ciutadilla","38","Urgell","Ponent","AT05"
"601","250753","Clariana de Cardener","35","Solsonès","Comarques Centrals","AT06"
"602","250766","Cogul, el","18","Garrigues","Ponent","AT05"
"603","250772","Coll de Nargó","04","Alt Urgell","Alt Pirineu i Aran","AT07"
"604","250788","Corbins","33","Segrià","Ponent","AT05"
"605","250791","Cubells","23","Noguera","Ponent","AT05"
"606","250812","Espluga Calba, l'","18","Garrigues","Ponent","AT05"
"607","250827","Espot","26","Pallars Sobirà","Alt Pirineu i Aran","AT07"
"608","250851","Estaràs","32","Segarra","Ponent","AT05"
"609","250864","Esterri d'Àneu","26","Pallars Sobirà","Alt Pirineu i Aran","AT07"
"610","250870","Esterri de Cardós","26","Pallars Sobirà","Alt Pirineu i Aran","AT07"
"611","250886","Estamariu","04","Alt Urgell","Alt Pirineu i Aran","AT07"
"612","250899","Farrera","26","Pallars Sobirà","Alt Pirineu i Aran","AT07"
"613","250925","Floresta, la","18","Garrigues","Ponent","AT05"
"614","250931","Fondarella","27","Pla d'Urgell","Ponent","AT05"
"615","250946","Foradada","23","Noguera","Ponent","AT05"
"616","250962","Fuliola, la","38","Urgell","Ponent","AT05"
"617","250978","Fulleda","18","Garrigues","Ponent","AT05"
"618","250984","Gavet de la Conca","25","Pallars Jussà","Alt Pirineu i Aran","AT07"
"619","250997","Golmés","27","Pla d'Urgell","Ponent","AT05"
"620","251001","Gósol","14","Berguedà","Comarques Centrals","AT06"
"621","251018","Granadella, la","18","Garrigues","Ponent","AT05"
"622","251023","Granja d'Escarp, la","33","Segrià","Ponent","AT05"
"623","251039","Granyanella","32","Segarra","Ponent","AT05"
"624","251044","Granyena de Segarra","32","Segarra","Ponent","AT05"
"625","251057","Granyena de les Garrigues","18","Garrigues","Ponent","AT05"
"626","251095","Guimerà","38","Urgell","Ponent","AT05"
"627","251109","Guissona","32","Segarra","Ponent","AT05"
"628","251116","Guixers","35","Solsonès","Comarques Centrals","AT06"
"629","251121","Ivars de Noguera","23","Noguera","Ponent","AT05"
"630","251137","Ivars d'Urgell","27","Pla d'Urgell","Ponent","AT05"
"631","251142","Ivorra","32","Segarra","Ponent","AT05"
"632","251155","Isona i Conca Dellà","25","Pallars Jussà","Alt Pirineu i Aran","AT07"
"633","251180","Juncosa","18","Garrigues","Ponent","AT05"
"634","251193","Juneda","18","Garrigues","Ponent","AT05"
"635","251207","Lleida","33","Segrià","Ponent","AT05"
"636","251214","Les","39","Aran","Alt Pirineu i Aran","AT07"
"637","251229","Linyola","27","Pla d'Urgell","Ponent","AT05"
"638","251235","Lladorre","26","Pallars Sobirà","Alt Pirineu i Aran","AT07"
"639","251240","Lladurs","35","Solsonès","Comarques Centrals","AT06"
"640","251253","Llardecans","33","Segrià","Ponent","AT05"
"641","251266","Llavorsí","26","Pallars Sobirà","Alt Pirineu i Aran","AT07"
"642","251272","Lles de Cerdanya","15","Cerdanya","Alt Pirineu i Aran","AT07"
"643","251288","Llimiana","25","Pallars Jussà","Alt Pirineu i Aran","AT07"
"644","251291","Llobera","35","Solsonès","Comarques Centrals","AT06"
"645","251305","Maldà","38","Urgell","Ponent","AT05"
"646","251312","Massalcoreig","33","Segrià","Ponent","AT05"
"647","251327","Massoteres","32","Segarra","Ponent","AT05"
"648","251333","Maials","33","Segrià","Ponent","AT05"
"649","251348","Menàrguens","23","Noguera","Ponent","AT05"
"650","251351","Miralcamp","27","Pla d'Urgell","Ponent","AT05"
"651","251364","Molsosa, la","35","Solsonès","Comarques Centrals","AT06"
"652","251370","Mollerussa","27","Pla d'Urgell","Ponent","AT05"
"653","251386","Montgai","23","Noguera","Ponent","AT05"
"654","251399","Montellà i Martinet","15","Cerdanya","Alt Pirineu i Aran","AT07"
"655","251403","Montferrer i Castellbò","04","Alt Urgell","Alt Pirineu i Aran","AT07"
"656","251410","Montoliu de Segarra","32","Segarra","Ponent","AT05"
"657","251425","Montoliu de Lleida","33","Segrià","Ponent","AT05"
"658","251431","Montornès de Segarra","32","Segarra","Ponent","AT05"
"659","251459","Nalec","38","Urgell","Ponent","AT05"
"660","251462","Navès","35","Solsonès","Comarques Centrals","AT06"
"661","251484","Odèn","35","Solsonès","Comarques Centrals","AT06"
"662","251497","Oliana","04","Alt Urgell","Alt Pirineu i Aran","AT07"
"663","251500","Oliola","23","Noguera","Ponent","AT05"
"664","251517","Olius","35","Solsonès","Comarques Centrals","AT06"
"665","251522","Oluges, les","32","Segarra","Ponent","AT05"
"666","251538","Omellons, els","18","Garrigues","Ponent","AT05"
"667","251543","Omells de na Gaia, els","38","Urgell","Ponent","AT05"
"668","251556","Organyà","04","Alt Urgell","Alt Pirineu i Aran","AT07"
"669","251569","Os de Balaguer","23","Noguera","Ponent","AT05"
"670","251575","Ossó de Sió","38","Urgell","Ponent","AT05"
"671","251581","Palau d'Anglesola, el","27","Pla d'Urgell","Ponent","AT05"
"672","251615","Conca de Dalt","25","Pallars Jussà","Alt Pirineu i Aran","AT07"
"673","251636","Coma i la Pedra, la","35","Solsonès","Comarques Centrals","AT06"
"674","251641","Penelles","23","Noguera","Ponent","AT05"
"675","251654","Peramola","04","Alt Urgell","Alt Pirineu i Aran","AT07"
"676","251667","Pinell de Solsonès","35","Solsonès","Comarques Centrals","AT06"
"677","251673","Pinós","35","Solsonès","Comarques Centrals","AT06"
"678","251689","Poal, el","27","Pla d'Urgell","Ponent","AT05"
"679","251692","Pobla de Cérvoles, la","18","Garrigues","Ponent","AT05"
"680","251706","Bellaguarda","18","Garrigues","Ponent","AT05"
"681","251713","Pobla de Segur, la","25","Pallars Jussà","Alt Pirineu i Aran","AT07"
"682","251728","Ponts","23","Noguera","Ponent","AT05"
"683","251734","Pont de Suert, el","05","Alta Ribagorça","Alt Pirineu i Aran","AT07"
"684","251749","Portella, la","33","Segrià","Ponent","AT05"
"685","251752","Prats i Sansor","15","Cerdanya","Alt Pirineu i Aran","AT07"
"686","251765","Preixana","38","Urgell","Ponent","AT05"
"687","251771","Preixens","23","Noguera","Ponent","AT05"
"688","251790","Prullans","15","Cerdanya","Alt Pirineu i Aran","AT07"
"689","251804","Puiggròs","18","Garrigues","Ponent","AT05"
"690","251811","Puigverd d'Agramunt","38","Urgell","Ponent","AT05"
"691","251826","Puigverd de Lleida","33","Segrià","Ponent","AT05"
"692","251832","Rialp","26","Pallars Sobirà","Alt Pirineu i Aran","AT07"
"693","251850","Ribera d'Urgellet","04","Alt Urgell","Alt Pirineu i Aran","AT07"
"694","251863","Riner","35","Solsonès","Comarques Centrals","AT06"
"695","251898","Rosselló","33","Segrià","Ponent","AT05"
"696","251902","Salàs de Pallars","25","Pallars Jussà","Alt Pirineu i Aran","AT07"
"697","251919","Sanaüja","32","Segarra","Ponent","AT05"
"698","251924","Sant Guim de Freixenet","32","Segarra","Ponent","AT05"
"699","251930","Sant Llorenç de Morunys","35","Solsonès","Comarques Centrals","AT06"
"700","251945","Sant Ramon","32","Segarra","Ponent","AT05"
"701","251961","Sant Esteve de la Sarga","25","Pallars Jussà","Alt Pirineu i Aran","AT07"
"702","251977","Sant Guim de la Plana","32","Segarra","Ponent","AT05"
"703","252000","Sarroca de Lleida","33","Segrià","Ponent","AT05"
"704","252017","Sarroca de Bellera","25","Pallars Jussà","Alt Pirineu i Aran","AT07"
"705","252022","Senterada","25","Pallars Jussà","Alt Pirineu i Aran","AT07"
"706","252038","Seu d'Urgell, la","04","Alt Urgell","Alt Pirineu i Aran","AT07"
"707","252043","Seròs","33","Segrià","Ponent","AT05"
"708","252056","Sidamon","27","Pla d'Urgell","Ponent","AT05"
"709","252069","Soleràs, el","18","Garrigues","Ponent","AT05"
"710","252075","Solsona","35","Solsonès","Comarques Centrals","AT06"
"711","252081","Soriguera","26","Pallars Sobirà","Alt Pirineu i Aran","AT07"
"712","252094","Sort","26","Pallars Sobirà","Alt Pirineu i Aran","AT07"
"713","252108","Soses","33","Segrià","Ponent","AT05"
"714","252115","Sudanell","33","Segrià","Ponent","AT05"
"715","252120","Sunyer","33","Segrià","Ponent","AT05"
"716","252154","Talarn","25","Pallars Jussà","Alt Pirineu i Aran","AT07"
"717","252167","Talavera","32","Segarra","Ponent","AT05"
"718","252173","Tàrrega","38","Urgell","Ponent","AT05"
"719","252189","Tarrés","18","Garrigues","Ponent","AT05"
"720","252192","Tarroja de Segarra","32","Segarra","Ponent","AT05"
"721","252206","Térmens","23","Noguera","Ponent","AT05"
"722","252213","Tírvia","26","Pallars Sobirà","Alt Pirineu i Aran","AT07"
"723","252228","Tiurana","23","Noguera","Ponent","AT05"
"724","252234","Torà","32","Segarra","Ponent","AT05"
"725","252249","Torms, els","18","Garrigues","Ponent","AT05"
"726","252252","Tornabous","38","Urgell","Ponent","AT05"
"727","252265","Torrebesses","33","Segrià","Ponent","AT05"
"728","252271","Torre de Cabdella, la","25","Pallars Jussà","Alt Pirineu i Aran","AT07"
"729","252287","Torrefarrera","33","Segrià","Ponent","AT05"
"730","252304","Torregrossa","27","Pla d'Urgell","Ponent","AT05"
"731","252311","Torrelameu","23","Noguera","Ponent","AT05"
"732","252326","Torres de Segre","33","Segrià","Ponent","AT05"
"733","252332","Torre-serona","33","Segrià","Ponent","AT05"
"734","252347","Tremp","25","Pallars Jussà","Alt Pirineu i Aran","AT07"
"735","252385","Vallbona de les Monges","38","Urgell","Ponent","AT05"
"736","252398","Valls de Valira, les","04","Alt Urgell","Alt Pirineu i Aran","AT07"
"737","252402","Vallfogona de Balaguer","23","Noguera","Ponent","AT05"
"738","252424","Verdú","38","Urgell","Ponent","AT05"
"739","252430","Vielha e Mijaran","39","Aran","Alt Pirineu i Aran","AT07"
"740","252445","Vilagrassa","38","Urgell","Ponent","AT05"
"741","252458","Vilaller","05","Alta Ribagorça","Alt Pirineu i Aran","AT07"
"742","252477","Vilamòs","39","Aran","Alt Pirineu i Aran","AT07"
"743","252483","Vilanova de Bellpuig","27","Pla d'Urgell","Ponent","AT05"
"744","252496","Vilanova de l'Aguda","23","Noguera","Ponent","AT05"
"745","252509","Vilanova de Meià","23","Noguera","Ponent","AT05"
"746","252516","Vilanova de Segrià","33","Segrià","Ponent","AT05"
"747","252521","Vila-sana","27","Pla d'Urgell","Ponent","AT05"
"748","252537","Vilosell, el","18","Garrigues","Ponent","AT05"
"749","252542","Vilanova de la Barca","33","Segrià","Ponent","AT05"
"750","252555","Vinaixa","18","Garrigues","Ponent","AT05"
"751","259010","Vall de Cardós","26","Pallars Sobirà","Alt Pirineu i Aran","AT07"
"752","259025","Sant Martí de Riucorb","38","Urgell","Ponent","AT05"
"753","259031","Guingueta d'Àneu, la","26","Pallars Sobirà","Alt Pirineu i Aran","AT07"
"754","259046","Castell de Mur","25","Pallars Jussà","Alt Pirineu i Aran","AT07"
"755","259059","Ribera d'Ondara","32","Segarra","Ponent","AT05"
"756","259062","Valls d'Aguilar, les","04","Alt Urgell","Alt Pirineu i Aran","AT07"
"757","259078","Torrefeta i Florejacs","32","Segarra","Ponent","AT05"
"758","259084","Fígols i Alinyà","04","Alt Urgell","Alt Pirineu i Aran","AT07"
"759","259097","Vansa i Fórnols, la","04","Alt Urgell","Alt Pirineu i Aran","AT07"
"760","259101","Josa i Tuixén","04","Alt Urgell","Alt Pirineu i Aran","AT07"
"761","259118","Plans de Sió, els","32","Segarra","Ponent","AT05"
"762","259123","Gimenells i el Pla de la Font","33","Segrià","Ponent","AT05"
"763","259139","Riu de Cerdanya","15","Cerdanya","Alt Pirineu i Aran","AT07"
"764","430017","Aiguamúrcia","01","Alt Camp","Camp de Tarragona","AT03"
"765","430022","Albinyana","12","Baix Penedès","Penedès","AT08"
"766","430038","Albiol, l'","08","Baix Camp","Camp de Tarragona","AT03"
"767","430043","Alcanar","22","Montsià","Terres de l'Ebre","AT04"
"768","430056","Alcover","01","Alt Camp","Camp de Tarragona","AT03"
"769","430069","Aldover","09","Baix Ebre","Terres de l'Ebre","AT04"
"770","430075","Aleixar, l'","08","Baix Camp","Camp de Tarragona","AT03"
"771","430081","Alfara de Carles","09","Baix Ebre","Terres de l'Ebre","AT04"
"772","430094","Alforja","08","Baix Camp","Camp de Tarragona","AT03"
"773","430108","Alió","01","Alt Camp","Camp de Tarragona","AT03"
"774","430115","Almoster","08","Baix Camp","Camp de Tarragona","AT03"
"775","430120","Altafulla","36","Tarragonès","Camp de Tarragona","AT03"
"776","430136","Ametlla de Mar, l'","09","Baix Ebre","Terres de l'Ebre","AT04"
"777","430141","Amposta","22","Montsià","Terres de l'Ebre","AT04"
"778","430154","Arbolí","08","Baix Camp","Camp de Tarragona","AT03"
"779","430167","Arboç, l'","12","Baix Penedès","Penedès","AT08"
"780","430173","Argentera, l'","08","Baix Camp","Camp de Tarragona","AT03"
"781","430189","Arnes","37","Terra Alta","Terres de l'Ebre","AT04"
"782","430192","Ascó","30","Ribera d'Ebre","Terres de l'Ebre","AT04"
"783","430206","Banyeres del Penedès","12","Baix Penedès","Penedès","AT08"
"784","430213","Barberà de la Conca","16","Conca de Barberà","Camp de Tarragona","AT03"
"785","430228","Batea","37","Terra Alta","Terres de l'Ebre","AT04"
"786","430234","Bellmunt del Priorat","29","Priorat","Camp de Tarragona","AT03"
"787","430249","Bellvei","12","Baix Penedès","Penedès","AT08"
"788","430252","Benifallet","09","Baix Ebre","Terres de l'Ebre","AT04"
"789","430265","Benissanet","30","Ribera d'Ebre","Terres de l'Ebre","AT04"
"790","430271","Bisbal de Falset, la","29","Priorat","Camp de Tarragona","AT03"
"791","430287","Bisbal del Penedès, la","12","Baix Penedès","Penedès","AT08"
"792","430290","Blancafort","16","Conca de Barberà","Camp de Tarragona","AT03"
"793","430304","Bonastre","12","Baix Penedès","Penedès","AT08"
"794","430311","Borges del Camp, les","08","Baix Camp","Camp de Tarragona","AT03"
"795","430326","Bot","37","Terra Alta","Terres de l'Ebre","AT04"
"796","430332","Botarell","08","Baix Camp","Camp de Tarragona","AT03"
"797","430347","Bràfim","01","Alt Camp","Camp de Tarragona","AT03"
"798","430350","Cabacés","29","Priorat","Camp de Tarragona","AT03"
"799","430363","Cabra del Camp","01","Alt Camp","Camp de Tarragona","AT03"
"800","430379","Calafell","12","Baix Penedès","Penedès","AT08"
"801","430385","Cambrils","08","Baix Camp","Camp de Tarragona","AT03"
"802","430398","Capafonts","08","Baix Camp","Camp de Tarragona","AT03"
"803","430402","Capçanes","29","Priorat","Camp de Tarragona","AT03"
"804","430419","Caseres","37","Terra Alta","Terres de l'Ebre","AT04"
"805","430424","Castellvell del Camp","08","Baix Camp","Camp de Tarragona","AT03"
"806","430430","Catllar, el","36","Tarragonès","Camp de Tarragona","AT03"
"807","430445","Sénia, la","22","Montsià","Terres de l'Ebre","AT04"
"808","430458","Colldejou","08","Baix Camp","Camp de Tarragona","AT03"
"809","430461","Conesa","16","Conca de Barberà","Camp de Tarragona","AT03"
"810","430477","Constantí","36","Tarragonès","Camp de Tarragona","AT03"
"811","430483","Corbera d'Ebre","37","Terra Alta","Terres de l'Ebre","AT04"
"812","430496","Cornudella de Montsant","29","Priorat","Camp de Tarragona","AT03"
"813","430509","Creixell","36","Tarragonès","Camp de Tarragona","AT03"
"814","430516","Cunit","12","Baix Penedès","Penedès","AT08"
"815","430521","Xerta","09","Baix Ebre","Terres de l'Ebre","AT04"
"816","430537","Duesaigües","08","Baix Camp","Camp de Tarragona","AT03"
"817","430542","Espluga de Francolí, l'","16","Conca de Barberà","Camp de Tarragona","AT03"
"818","430555","Falset","29","Priorat","Camp de Tarragona","AT03"
"819","430568","Fatarella, la","37","Terra Alta","Terres de l'Ebre","AT04"
"820","430574","Febró, la","08","Baix Camp","Camp de Tarragona","AT03"
"821","430580","Figuera, la","29","Priorat","Camp de Tarragona","AT03"
"822","430593","Figuerola del Camp","01","Alt Camp","Camp de Tarragona","AT03"
"823","430607","Flix","30","Ribera d'Ebre","Terres de l'Ebre","AT04"
"824","430614","Forès","16","Conca de Barberà","Camp de Tarragona","AT03"
"825","430629","Freginals","22","Montsià","Terres de l'Ebre","AT04"
"826","430635","Galera, la","22","Montsià","Terres de l'Ebre","AT04"
"827","430640","Gandesa","37","Terra Alta","Terres de l'Ebre","AT04"
"828","430653","Garcia","30","Ribera d'Ebre","Terres de l'Ebre","AT04"
"829","430666","Garidells, els","01","Alt Camp","Camp de Tarragona","AT03"
"830","430672","Ginestar","30","Ribera d'Ebre","Terres de l'Ebre","AT04"
"831","430688","Godall","22","Montsià","Terres de l'Ebre","AT04"
"832","430691","Gratallops","29","Priorat","Camp de Tarragona","AT03"
"833","430705","Guiamets, els","29","Priorat","Camp de Tarragona","AT03"
"834","430712","Horta de Sant Joan","37","Terra Alta","Terres de l'Ebre","AT04"
"835","430727","Lloar, el","29","Priorat","Camp de Tarragona","AT03"
"836","430733","Llorac","16","Conca de Barberà","Camp de Tarragona","AT03"
"837","430748","Llorenç del Penedès","12","Baix Penedès","Penedès","AT08"
"838","430751","Margalef","29","Priorat","Camp de Tarragona","AT03"
"839","430764","Marçà","29","Priorat","Camp de Tarragona","AT03"
"840","430770","Mas de Barberans","22","Montsià","Terres de l'Ebre","AT04"
"841","430786","Masdenverge","22","Montsià","Terres de l'Ebre","AT04"
"842","430799","Masllorenç","12","Baix Penedès","Penedès","AT08"
"843","430803","Masó, la","01","Alt Camp","Camp de Tarragona","AT03"
"844","430810","Maspujols","08","Baix Camp","Camp de Tarragona","AT03"
"845","430825","Masroig, el","29","Priorat","Camp de Tarragona","AT03"
"846","430831","Milà, el","01","Alt Camp","Camp de Tarragona","AT03"
"847","430846","Miravet","30","Ribera d'Ebre","Terres de l'Ebre","AT04"
"848","430859","Molar, el","29","Priorat","Camp de Tarragona","AT03"
"849","430862","Montblanc","16","Conca de Barberà","Camp de Tarragona","AT03"
"850","430884","Montbrió del Camp","08","Baix Camp","Camp de Tarragona","AT03"
"851","430897","Montferri","01","Alt Camp","Camp de Tarragona","AT03"
"852","430901","Montmell, el","12","Baix Penedès","Penedès","AT08"
"853","430918","Mont-ral","01","Alt Camp","Camp de Tarragona","AT03"
"854","430923","Mont-roig del Camp","08","Baix Camp","Camp de Tarragona","AT03"
"855","430939","Móra d'Ebre","30","Ribera d'Ebre","Terres de l'Ebre","AT04"
"856","430944","Móra la Nova","30","Ribera d'Ebre","Terres de l'Ebre","AT04"
"857","430957","Morell, el","36","Tarragonès","Camp de Tarragona","AT03"
"858","430960","Morera de Montsant, la","29","Priorat","Camp de Tarragona","AT03"
"859","430976","Nou de Gaià, la","36","Tarragonès","Camp de Tarragona","AT03"
"860","430982","Nulles","01","Alt Camp","Camp de Tarragona","AT03"
"861","430995","Palma d'Ebre, la","30","Ribera d'Ebre","Terres de l'Ebre","AT04"
"862","431009","Pallaresos, els","36","Tarragonès","Camp de Tarragona","AT03"
"863","431016","Passanant i Belltall","16","Conca de Barberà","Camp de Tarragona","AT03"
"864","431021","Paüls","09","Baix Ebre","Terres de l'Ebre","AT04"
"865","431037","Perafort","36","Tarragonès","Camp de Tarragona","AT03"
"866","431042","Perelló, el","09","Baix Ebre","Terres de l'Ebre","AT04"
"867","431055","Piles, les","16","Conca de Barberà","Camp de Tarragona","AT03"
"868","431068","Pinell de Brai, el","37","Terra Alta","Terres de l'Ebre","AT04"
"869","431074","Pira","16","Conca de Barberà","Camp de Tarragona","AT03"
"870","431080","Pla de Santa Maria, el","01","Alt Camp","Camp de Tarragona","AT03"
"871","431093","Pobla de Mafumet, la","36","Tarragonès","Camp de Tarragona","AT03"
"872","431107","Pobla de Massaluca, la","37","Terra Alta","Terres de l'Ebre","AT04"
"873","431114","Pobla de Montornès, la","36","Tarragonès","Camp de Tarragona","AT03"
"874","431129","Poboleda","29","Priorat","Camp de Tarragona","AT03"
"875","431135","Pont d'Armentera, el","01","Alt Camp","Camp de Tarragona","AT03"
"876","431140","Porrera","29","Priorat","Camp de Tarragona","AT03"
"877","431153","Pradell de la Teixeta","29","Priorat","Camp de Tarragona","AT03"
"878","431166","Prades","08","Baix Camp","Camp de Tarragona","AT03"
"879","431172","Prat de Comte","37","Terra Alta","Terres de l'Ebre","AT04"
"880","431188","Pratdip","08","Baix Camp","Camp de Tarragona","AT03"
"881","431191","Puigpelat","01","Alt Camp","Camp de Tarragona","AT03"
"882","431205","Querol","01","Alt Camp","Camp de Tarragona","AT03"
"883","431212","Rasquera","30","Ribera d'Ebre","Terres de l'Ebre","AT04"
"884","431227","Renau","36","Tarragonès","Camp de Tarragona","AT03"
"885","431233","Reus","08","Baix Camp","Camp de Tarragona","AT03"
"886","431248","Riba, la","01","Alt Camp","Camp de Tarragona","AT03"
"887","431251","Riba-roja d'Ebre","30","Ribera d'Ebre","Terres de l'Ebre","AT04"
"888","431264","Riera de Gaià, la","36","Tarragonès","Camp de Tarragona","AT03"
"889","431270","Riudecanyes","08","Baix Camp","Camp de Tarragona","AT03"
"890","431286","Riudecols","08","Baix Camp","Camp de Tarragona","AT03"
"891","431299","Riudoms","08","Baix Camp","Camp de Tarragona","AT03"
"892","431303","Rocafort de Queralt","16","Conca de Barberà","Camp de Tarragona","AT03"
"893","431310","Roda de Berà","36","Tarragonès","Camp de Tarragona","AT03"
"894","431325","Rodonyà","01","Alt Camp","Camp de Tarragona","AT03"
"895","431331","Roquetes","09","Baix Ebre","Terres de l'Ebre","AT04"
"896","431346","Rourell, el","01","Alt Camp","Camp de Tarragona","AT03"
"897","431359","Salomó","36","Tarragonès","Camp de Tarragona","AT03"
"898","431362","Sant Carles de la Ràpita","22","Montsià","Terres de l'Ebre","AT04"
"899","431378","Sant Jaume dels Domenys","12","Baix Penedès","Penedès","AT08"
"900","431384","Santa Bàrbara","22","Montsià","Terres de l'Ebre","AT04"
"901","431397","Santa Coloma de Queralt","16","Conca de Barberà","Camp de Tarragona","AT03"
"902","431401","Santa Oliva","12","Baix Penedès","Penedès","AT08"
"903","431418","Pontils","16","Conca de Barberà","Camp de Tarragona","AT03"
"904","431423","Sarral","16","Conca de Barberà","Camp de Tarragona","AT03"
"905","431439","Savallà del Comtat","16","Conca de Barberà","Camp de Tarragona","AT03"
"906","431444","Secuita, la","36","Tarragonès","Camp de Tarragona","AT03"
"907","431457","Selva del Camp, la","08","Baix Camp","Camp de Tarragona","AT03"
"908","431460","Senan","16","Conca de Barberà","Camp de Tarragona","AT03"
"909","431476","Solivella","16","Conca de Barberà","Camp de Tarragona","AT03"
"910","431482","Tarragona","36","Tarragonès","Camp de Tarragona","AT03"
"911","431495","Tivenys","09","Baix Ebre","Terres de l'Ebre","AT04"
"912","431508","Tivissa","30","Ribera d'Ebre","Terres de l'Ebre","AT04"
"913","431515","Torre de Fontaubella, la","29","Priorat","Camp de Tarragona","AT03"
"914","431520","Torre de l'Espanyol, la","30","Ribera d'Ebre","Terres de l'Ebre","AT04"
"915","431536","Torredembarra","36","Tarragonès","Camp de Tarragona","AT03"
"916","431541","Torroja del Priorat","29","Priorat","Camp de Tarragona","AT03"
"917","431554","Tortosa","09","Baix Ebre","Terres de l'Ebre","AT04"
"918","431567","Ulldecona","22","Montsià","Terres de l'Ebre","AT04"
"919","431573","Ulldemolins","29","Priorat","Camp de Tarragona","AT03"
"920","431589","Vallclara","16","Conca de Barberà","Camp de Tarragona","AT03"
"921","431592","Vallfogona de Riucorb","16","Conca de Barberà","Camp de Tarragona","AT03"
"922","431606","Vallmoll","01","Alt Camp","Camp de Tarragona","AT03"
"923","431613","Valls","01","Alt Camp","Camp de Tarragona","AT03"
"924","431628","Vandellòs i l'Hospitalet de l'Infant","08","Baix Camp","Camp de Tarragona","AT03"
"925","431634","Vendrell, el","12","Baix Penedès","Penedès","AT08"
"926","431649","Vespella de Gaià","36","Tarragonès","Camp de Tarragona","AT03"
"927","431652","Vilabella","01","Alt Camp","Camp de Tarragona","AT03"
"928","431665","Vilallonga del Camp","36","Tarragonès","Camp de Tarragona","AT03"
"929","431671","Vilanova d'Escornalbou","08","Baix Camp","Camp de Tarragona","AT03"
"930","431687","Vilanova de Prades","16","Conca de Barberà","Camp de Tarragona","AT03"
"931","431690","Vilaplana","08","Baix Camp","Camp de Tarragona","AT03"
"932","431704","Vila-rodona","01","Alt Camp","Camp de Tarragona","AT03"
"933","431711","Vila-seca","36","Tarragonès","Camp de Tarragona","AT03"
"934","431726","Vilaverd","16","Conca de Barberà","Camp de Tarragona","AT03"
"935","431732","Vilella Alta, la","29","Priorat","Camp de Tarragona","AT03"
"936","431747","Vilella Baixa, la","29","Priorat","Camp de Tarragona","AT03"
"937","431750","Vilalba dels Arcs","37","Terra Alta","Terres de l'Ebre","AT04"
"938","431763","Vimbodí i Poblet","16","Conca de Barberà","Camp de Tarragona","AT03"
"939","431779","Vinebre","30","Ribera d'Ebre","Terres de l'Ebre","AT04"
"940","431785","Vinyols i els Arcs","08","Baix Camp","Camp de Tarragona","AT03"
"941","439018","Deltebre","09","Baix Ebre","Terres de l'Ebre","AT04"
"942","439023","Sant Jaume d'Enveja","22","Montsià","Terres de l'Ebre","AT04"
"943","439039","Camarles","09","Baix Ebre","Terres de l'Ebre","AT04"
"944","439044","Aldea, l'","09","Baix Ebre","Terres de l'Ebre","AT04"
"945","439057","Salou","36","Tarragonès","Camp de Tarragona","AT03"
"946","439060","Ampolla, l'","09","Baix Ebre","Terres de l'Ebre","AT04"
"947","439076","Canonja, la","36","Tarragonès","Camp de Tarragona","AT03"
