Municipi,Nom comarca,Àmbit territorial,Descàrrega
Abella de la Conca,Pallars Jussà,Alt Pirineu i Aran,#català947 Abella de la Conca
Abrera,Baix Llobregat,Metropolità,#català947 Abrera
Àger,Noguera,Ponent,#català947 Àger
Agramunt,Urgell,Ponent,#català947 Agramunt
Aguilar de Segarra,Bages,Comarques Centrals,#català947 Aguilar de Segarra
Agullana,Alt Empordà,Comarques Gironines,#català947 Agullana
Aiguafreda,Vallès Oriental,Metropolità,#català947 Aiguafreda
Aiguamúrcia,Alt Camp,Camp de Tarragona,#català947 Aiguamúrcia
Aiguaviva,Gironès,Comarques Gironines,#català947 Aiguaviva
Aitona,Segrià,Ponent,#català947 Aitona
"Alamús, els",Segrià,Ponent,"#català947 Alamús, els"
Alàs i Cerc,Alt Urgell,Alt Pirineu i Aran,#català947 Alàs i Cerc
"Albagés, l'",Garrigues,Ponent,"#català947 Albagés, l'"
Albanyà,Alt Empordà,Comarques Gironines,#català947 Albanyà
Albatàrrec,Segrià,Ponent,#català947 Albatàrrec
Albesa,Noguera,Ponent,#català947 Albesa
"Albi, l'",Garrigues,Ponent,"#català947 Albi, l'"
Albinyana,Baix Penedès,Penedès,#català947 Albinyana
"Albiol, l'",Baix Camp,Camp de Tarragona,"#català947 Albiol, l'"
Albons,Baix Empordà,Comarques Gironines,#català947 Albons
Alcanar,Montsià,Terres de l'Ebre,#català947 Alcanar
Alcanó,Segrià,Ponent,#català947 Alcanó
Alcarràs,Segrià,Ponent,#català947 Alcarràs
Alcoletge,Segrià,Ponent,#català947 Alcoletge
Alcover,Alt Camp,Camp de Tarragona,#català947 Alcover
"Aldea, l'",Baix Ebre,Terres de l'Ebre,"#català947 Aldea, l'"
Aldover,Baix Ebre,Terres de l'Ebre,#català947 Aldover
"Aleixar, l'",Baix Camp,Camp de Tarragona,"#català947 Aleixar, l'"
Alella,Maresme,Metropolità,#català947 Alella
Alfara de Carles,Baix Ebre,Terres de l'Ebre,#català947 Alfara de Carles
Alfarràs,Segrià,Ponent,#català947 Alfarràs
Alfés,Segrià,Ponent,#català947 Alfés
Alforja,Baix Camp,Camp de Tarragona,#català947 Alforja
Algerri,Noguera,Ponent,#català947 Algerri
Alguaire,Segrià,Ponent,#català947 Alguaire
Alins,Pallars Sobirà,Alt Pirineu i Aran,#català947 Alins
Alió,Alt Camp,Camp de Tarragona,#català947 Alió
Almacelles,Segrià,Ponent,#català947 Almacelles
Almatret,Segrià,Ponent,#català947 Almatret
Almenar,Segrià,Ponent,#català947 Almenar
Almoster,Baix Camp,Camp de Tarragona,#català947 Almoster
Alòs de Balaguer,Noguera,Ponent,#català947 Alòs de Balaguer
Alp,Cerdanya,Alt Pirineu i Aran,#català947 Alp
Alpens,Osona,Comarques Centrals,#català947 Alpens
Alpicat,Segrià,Ponent,#català947 Alpicat
Alt Àneu,Pallars Sobirà,Alt Pirineu i Aran,#català947 Alt Àneu
Altafulla,Tarragonès,Camp de Tarragona,#català947 Altafulla
Amer,Selva,Comarques Gironines,#català947 Amer
"Ametlla de Mar, l'",Baix Ebre,Terres de l'Ebre,"#català947 Ametlla de Mar, l'"
"Ametlla del Vallès, l'",Vallès Oriental,Metropolità,"#català947 Ametlla del Vallès, l'"
"Ampolla, l'",Baix Ebre,Terres de l'Ebre,"#català947 Ampolla, l'"
Amposta,Montsià,Terres de l'Ebre,#català947 Amposta
Anglès,Selva,Comarques Gironines,#català947 Anglès
Anglesola,Urgell,Ponent,#català947 Anglesola
Arbeca,Garrigues,Ponent,#català947 Arbeca
"Arboç, l'",Baix Penedès,Penedès,"#català947 Arboç, l'"
Arbolí,Baix Camp,Camp de Tarragona,#català947 Arbolí
Arbúcies,Selva,Comarques Gironines,#català947 Arbúcies
Arenys de Mar,Maresme,Metropolità,#català947 Arenys de Mar
Arenys de Munt,Maresme,Metropolità,#català947 Arenys de Munt
Argelaguer,Garrotxa,Comarques Gironines,#català947 Argelaguer
Argençola,Anoia,Penedès,#català947 Argençola
"Argentera, l'",Baix Camp,Camp de Tarragona,"#català947 Argentera, l'"
Argentona,Maresme,Metropolità,#català947 Argentona
"Armentera, l'",Alt Empordà,Comarques Gironines,"#català947 Armentera, l'"
Arnes,Terra Alta,Terres de l'Ebre,#català947 Arnes
Arres,Aran,Alt Pirineu i Aran,#català947 Arres
Arsèguel,Alt Urgell,Alt Pirineu i Aran,#català947 Arsèguel
Artés,Bages,Comarques Centrals,#català947 Artés
Artesa de Lleida,Segrià,Ponent,#català947 Artesa de Lleida
Artesa de Segre,Noguera,Ponent,#català947 Artesa de Segre
Ascó,Ribera d'Ebre,Terres de l'Ebre,#català947 Ascó
Aspa,Segrià,Ponent,#català947 Aspa
"Avellanes i Santa Linya, les",Noguera,Ponent,"#català947 Avellanes i Santa Linya, les"
Avià,Berguedà,Comarques Centrals,#català947 Avià
Avinyó,Bages,Comarques Centrals,#català947 Avinyó
Avinyonet de Puigventós,Alt Empordà,Comarques Gironines,#català947 Avinyonet de Puigventós
Avinyonet del Penedès,Alt Penedès,Penedès,#català947 Avinyonet del Penedès
Badalona,Barcelonès,Metropolità,#català947 Badalona
Badia del Vallès,Vallès Occidental,Metropolità,#català947 Badia del Vallès
Bagà,Berguedà,Comarques Centrals,#català947 Bagà
Baix Pallars,Pallars Sobirà,Alt Pirineu i Aran,#català947 Baix Pallars
Balaguer,Noguera,Ponent,#català947 Balaguer
Balenyà,Osona,Comarques Centrals,#català947 Balenyà
Balsareny,Bages,Comarques Centrals,#català947 Balsareny
Banyeres del Penedès,Baix Penedès,Penedès,#català947 Banyeres del Penedès
Banyoles,Pla de l'Estany,Comarques Gironines,#català947 Banyoles
Barbens,Pla d'Urgell,Ponent,#català947 Barbens
Barberà de la Conca,Conca de Barberà,Camp de Tarragona,#català947 Barberà de la Conca
Barberà del Vallès,Vallès Occidental,Metropolità,#català947 Barberà del Vallès
Barcelona,Barcelonès,Metropolità,#català947 Barcelona
"Baronia de Rialb, la",Noguera,Ponent,"#català947 Baronia de Rialb, la"
Bàscara,Alt Empordà,Comarques Gironines,#català947 Bàscara
Bassella,Alt Urgell,Alt Pirineu i Aran,#català947 Bassella
Batea,Terra Alta,Terres de l'Ebre,#català947 Batea
Bausen,Aran,Alt Pirineu i Aran,#català947 Bausen
Begues,Baix Llobregat,Metropolità,#català947 Begues
Begur,Baix Empordà,Comarques Gironines,#català947 Begur
Belianes,Urgell,Ponent,#català947 Belianes
Bellaguarda,Garrigues,Ponent,#català947 Bellaguarda
Bellcaire d'Empordà,Baix Empordà,Comarques Gironines,#català947 Bellcaire d'Empordà
Bellcaire d'Urgell,Noguera,Ponent,#català947 Bellcaire d'Urgell
Bell-lloc d'Urgell,Pla d'Urgell,Ponent,#català947 Bell-lloc d'Urgell
Bellmunt del Priorat,Priorat,Camp de Tarragona,#català947 Bellmunt del Priorat
Bellmunt d'Urgell,Noguera,Ponent,#català947 Bellmunt d'Urgell
Bellprat,Anoia,Penedès,#català947 Bellprat
Bellpuig,Urgell,Ponent,#català947 Bellpuig
Bellvei,Baix Penedès,Penedès,#català947 Bellvei
Bellver de Cerdanya,Cerdanya,Alt Pirineu i Aran,#català947 Bellver de Cerdanya
Bellvís,Pla d'Urgell,Ponent,#català947 Bellvís
Benavent de Segrià,Segrià,Ponent,#català947 Benavent de Segrià
Benifallet,Baix Ebre,Terres de l'Ebre,#català947 Benifallet
Benissanet,Ribera d'Ebre,Terres de l'Ebre,#català947 Benissanet
Berga,Berguedà,Comarques Centrals,#català947 Berga
Besalú,Garrotxa,Comarques Gironines,#català947 Besalú
Bescanó,Gironès,Comarques Gironines,#català947 Bescanó
Beuda,Garrotxa,Comarques Gironines,#català947 Beuda
Bigues i Riells,Vallès Oriental,Metropolità,#català947 Bigues i Riells
Biosca,Segarra,Ponent,#català947 Biosca
"Bisbal de Falset, la",Priorat,Camp de Tarragona,"#català947 Bisbal de Falset, la"
"Bisbal del Penedès, la",Baix Penedès,Penedès,"#català947 Bisbal del Penedès, la"
"Bisbal d'Empordà, la",Baix Empordà,Comarques Gironines,"#català947 Bisbal d'Empordà, la"
Biure,Alt Empordà,Comarques Gironines,#català947 Biure
Blancafort,Conca de Barberà,Camp de Tarragona,#català947 Blancafort
Blanes,Selva,Comarques Gironines,#català947 Blanes
Boadella i les Escaules,Alt Empordà,Comarques Gironines,#català947 Boadella i les Escaules
Bolvir,Cerdanya,Alt Pirineu i Aran,#català947 Bolvir
Bonastre,Baix Penedès,Penedès,#català947 Bonastre
"Bòrdes, Es",Aran,Alt Pirineu i Aran,"#català947 Bòrdes, Es"
Bordils,Gironès,Comarques Gironines,#català947 Bordils
"Borges Blanques, les",Garrigues,Ponent,"#català947 Borges Blanques, les"
"Borges del Camp, les",Baix Camp,Camp de Tarragona,"#català947 Borges del Camp, les"
Borrassà,Alt Empordà,Comarques Gironines,#català947 Borrassà
Borredà,Berguedà,Comarques Centrals,#català947 Borredà
Bossòst,Aran,Alt Pirineu i Aran,#català947 Bossòst
Bot,Terra Alta,Terres de l'Ebre,#català947 Bot
Botarell,Baix Camp,Camp de Tarragona,#català947 Botarell
Bovera,Garrigues,Ponent,#català947 Bovera
Bràfim,Alt Camp,Camp de Tarragona,#català947 Bràfim
Breda,Selva,Comarques Gironines,#català947 Breda
"Bruc, el",Anoia,Penedès,"#català947 Bruc, el"
"Brull, el",Osona,Comarques Centrals,"#català947 Brull, el"
Brunyola i Sant Martí Sapresa,Selva,Comarques Gironines,#català947 Brunyola i Sant Martí Sapresa
Cabacés,Priorat,Camp de Tarragona,#català947 Cabacés
Cabanabona,Noguera,Ponent,#català947 Cabanabona
Cabanelles,Alt Empordà,Comarques Gironines,#català947 Cabanelles
Cabanes,Alt Empordà,Comarques Gironines,#català947 Cabanes
"Cabanyes, les",Alt Penedès,Penedès,"#català947 Cabanyes, les"
Cabó,Alt Urgell,Alt Pirineu i Aran,#català947 Cabó
Cabra del Camp,Alt Camp,Camp de Tarragona,#català947 Cabra del Camp
Cabrera d'Anoia,Anoia,Penedès,#català947 Cabrera d'Anoia
Cabrera de Mar,Maresme,Metropolità,#català947 Cabrera de Mar
Cabrils,Maresme,Metropolità,#català947 Cabrils
Cadaqués,Alt Empordà,Comarques Gironines,#català947 Cadaqués
Calaf,Anoia,Comarques Centrals,#català947 Calaf
Calafell,Baix Penedès,Penedès,#català947 Calafell
Calders,Moianès,Comarques Centrals,#català947 Calders
Caldes de Malavella,Selva,Comarques Gironines,#català947 Caldes de Malavella
Caldes de Montbui,Vallès Oriental,Metropolità,#català947 Caldes de Montbui
Caldes d'Estrac,Maresme,Metropolità,#català947 Caldes d'Estrac
Calella,Maresme,Metropolità,#català947 Calella
Calldetenes,Osona,Comarques Centrals,#català947 Calldetenes
Callús,Bages,Comarques Centrals,#català947 Callús
Calonge de Segarra,Anoia,Comarques Centrals,#català947 Calonge de Segarra
Calonge i Sant Antoni,Baix Empordà,Comarques Gironines,#català947 Calonge i Sant Antoni
Camarasa,Noguera,Ponent,#català947 Camarasa
Camarles,Baix Ebre,Terres de l'Ebre,#català947 Camarles
Cambrils,Baix Camp,Camp de Tarragona,#català947 Cambrils
Camós,Pla de l'Estany,Comarques Gironines,#català947 Camós
Campdevànol,Ripollès,Comarques Gironines,#català947 Campdevànol
Campelles,Ripollès,Comarques Gironines,#català947 Campelles
Campins,Vallès Oriental,Metropolità,#català947 Campins
Campllong,Gironès,Comarques Gironines,#català947 Campllong
Camprodon,Ripollès,Comarques Gironines,#català947 Camprodon
Canejan,Aran,Alt Pirineu i Aran,#català947 Canejan
Canet d'Adri,Gironès,Comarques Gironines,#català947 Canet d'Adri
Canet de Mar,Maresme,Metropolità,#català947 Canet de Mar
"Canonja, la",Tarragonès,Camp de Tarragona,"#català947 Canonja, la"
Canovelles,Vallès Oriental,Metropolità,#català947 Canovelles
Cànoves i Samalús,Vallès Oriental,Metropolità,#català947 Cànoves i Samalús
Cantallops,Alt Empordà,Comarques Gironines,#català947 Cantallops
Canyelles,Garraf,Penedès,#català947 Canyelles
Capafonts,Baix Camp,Camp de Tarragona,#català947 Capafonts
Capçanes,Priorat,Camp de Tarragona,#català947 Capçanes
Capellades,Anoia,Penedès,#català947 Capellades
Capmany,Alt Empordà,Comarques Gironines,#català947 Capmany
Capolat,Berguedà,Comarques Centrals,#català947 Capolat
Cardedeu,Vallès Oriental,Metropolità,#català947 Cardedeu
Cardona,Bages,Comarques Centrals,#català947 Cardona
Carme,Anoia,Penedès,#català947 Carme
Caseres,Terra Alta,Terres de l'Ebre,#català947 Caseres
Cassà de la Selva,Gironès,Comarques Gironines,#català947 Cassà de la Selva
Casserres,Berguedà,Comarques Centrals,#català947 Casserres
Castell de l'Areny,Berguedà,Comarques Centrals,#català947 Castell de l'Areny
Castell de Mur,Pallars Jussà,Alt Pirineu i Aran,#català947 Castell de Mur
Castellar de la Ribera,Solsonès,Comarques Centrals,#català947 Castellar de la Ribera
Castellar de n'Hug,Berguedà,Comarques Centrals,#català947 Castellar de n'Hug
Castellar del Riu,Berguedà,Comarques Centrals,#català947 Castellar del Riu
Castellar del Vallès,Vallès Occidental,Metropolità,#català947 Castellar del Vallès
Castellbell i el Vilar,Bages,Comarques Centrals,#català947 Castellbell i el Vilar
Castellbisbal,Vallès Occidental,Metropolità,#català947 Castellbisbal
Castellcir,Moianès,Metropolità,#català947 Castellcir
Castelldans,Garrigues,Ponent,#català947 Castelldans
Castelldefels,Baix Llobregat,Metropolità,#català947 Castelldefels
Castellet i la Gornal,Alt Penedès,Penedès,#català947 Castellet i la Gornal
Castellfollit de la Roca,Garrotxa,Comarques Gironines,#català947 Castellfollit de la Roca
Castellfollit de Riubregós,Anoia,Comarques Centrals,#català947 Castellfollit de Riubregós
Castellfollit del Boix,Bages,Comarques Centrals,#català947 Castellfollit del Boix
Castellgalí,Bages,Comarques Centrals,#català947 Castellgalí
Castellnou de Bages,Bages,Comarques Centrals,#català947 Castellnou de Bages
Castellnou de Seana,Pla d'Urgell,Ponent,#català947 Castellnou de Seana
Castelló de Farfanya,Noguera,Ponent,#català947 Castelló de Farfanya
Castelló d'Empúries,Alt Empordà,Comarques Gironines,#català947 Castelló d'Empúries
Castellolí,Anoia,Penedès,#català947 Castellolí
Castell-Platja d'Aro,Baix Empordà,Comarques Gironines,#català947 Castell-Platja d'Aro
Castellserà,Urgell,Ponent,#català947 Castellserà
Castellterçol,Moianès,Metropolità,#català947 Castellterçol
Castellvell del Camp,Baix Camp,Camp de Tarragona,#català947 Castellvell del Camp
Castellví de la Marca,Alt Penedès,Penedès,#català947 Castellví de la Marca
Castellví de Rosanes,Baix Llobregat,Metropolità,#català947 Castellví de Rosanes
"Catllar, el",Tarragonès,Camp de Tarragona,"#català947 Catllar, el"
Cava,Alt Urgell,Alt Pirineu i Aran,#català947 Cava
"Cellera de Ter, la",Selva,Comarques Gironines,"#català947 Cellera de Ter, la"
Celrà,Gironès,Comarques Gironines,#català947 Celrà
Centelles,Osona,Comarques Centrals,#català947 Centelles
Cercs,Berguedà,Comarques Centrals,#català947 Cercs
Cerdanyola del Vallès,Vallès Occidental,Metropolità,#català947 Cerdanyola del Vallès
Cervelló,Baix Llobregat,Metropolità,#català947 Cervelló
Cervera,Segarra,Ponent,#català947 Cervera
Cervià de les Garrigues,Garrigues,Ponent,#català947 Cervià de les Garrigues
Cervià de Ter,Gironès,Comarques Gironines,#català947 Cervià de Ter
Cistella,Alt Empordà,Comarques Gironines,#català947 Cistella
Ciutadilla,Urgell,Ponent,#català947 Ciutadilla
Clariana de Cardener,Solsonès,Comarques Centrals,#català947 Clariana de Cardener
"Cogul, el",Garrigues,Ponent,"#català947 Cogul, el"
Colera,Alt Empordà,Comarques Gironines,#català947 Colera
Coll de Nargó,Alt Urgell,Alt Pirineu i Aran,#català947 Coll de Nargó
Collbató,Baix Llobregat,Metropolità,#català947 Collbató
Colldejou,Baix Camp,Camp de Tarragona,#català947 Colldejou
Collsuspina,Moianès,Comarques Centrals,#català947 Collsuspina
Colomers,Baix Empordà,Comarques Gironines,#català947 Colomers
"Coma i la Pedra, la",Solsonès,Comarques Centrals,"#català947 Coma i la Pedra, la"
Conca de Dalt,Pallars Jussà,Alt Pirineu i Aran,#català947 Conca de Dalt
Conesa,Conca de Barberà,Camp de Tarragona,#català947 Conesa
Constantí,Tarragonès,Camp de Tarragona,#català947 Constantí
Copons,Anoia,Penedès,#català947 Copons
Corbera de Llobregat,Baix Llobregat,Metropolità,#català947 Corbera de Llobregat
Corbera d'Ebre,Terra Alta,Terres de l'Ebre,#català947 Corbera d'Ebre
Corbins,Segrià,Ponent,#català947 Corbins
Corçà,Baix Empordà,Comarques Gironines,#català947 Corçà
Cornellà de Llobregat,Baix Llobregat,Metropolità,#català947 Cornellà de Llobregat
Cornellà del Terri,Pla de l'Estany,Comarques Gironines,#català947 Cornellà del Terri
Cornudella de Montsant,Priorat,Camp de Tarragona,#català947 Cornudella de Montsant
Creixell,Tarragonès,Camp de Tarragona,#català947 Creixell
Crespià,Pla de l'Estany,Comarques Gironines,#català947 Crespià
"Cruïlles, Monells i Sant Sadurní de l'Heura",Baix Empordà,Comarques Gironines,"#català947 Cruïlles, Monells i Sant Sadurní de l'Heura"
Cubelles,Garraf,Penedès,#català947 Cubelles
Cubells,Noguera,Ponent,#català947 Cubells
Cunit,Baix Penedès,Penedès,#català947 Cunit
Darnius,Alt Empordà,Comarques Gironines,#català947 Darnius
Das,Cerdanya,Alt Pirineu i Aran,#català947 Das
Deltebre,Baix Ebre,Terres de l'Ebre,#català947 Deltebre
Dosrius,Maresme,Metropolità,#català947 Dosrius
Duesaigües,Baix Camp,Camp de Tarragona,#català947 Duesaigües
"Escala, l'",Alt Empordà,Comarques Gironines,"#català947 Escala, l'"
Esparreguera,Baix Llobregat,Metropolità,#català947 Esparreguera
Espinelves,Osona,Comarques Centrals,#català947 Espinelves
"Espluga Calba, l'",Garrigues,Ponent,"#català947 Espluga Calba, l'"
"Espluga de Francolí, l'",Conca de Barberà,Camp de Tarragona,"#català947 Espluga de Francolí, l'"
Esplugues de Llobregat,Baix Llobregat,Metropolità,#català947 Esplugues de Llobregat
Espolla,Alt Empordà,Comarques Gironines,#català947 Espolla
Esponellà,Pla de l'Estany,Comarques Gironines,#català947 Esponellà
Espot,Pallars Sobirà,Alt Pirineu i Aran,#català947 Espot
"Espunyola, l'",Berguedà,Comarques Centrals,"#català947 Espunyola, l'"
"Esquirol, l'",Osona,Comarques Centrals,"#català947 Esquirol, l'"
Estamariu,Alt Urgell,Alt Pirineu i Aran,#català947 Estamariu
"Estany, l'",Moianès,Comarques Centrals,"#català947 Estany, l'"
Estaràs,Segarra,Ponent,#català947 Estaràs
Esterri d'Àneu,Pallars Sobirà,Alt Pirineu i Aran,#català947 Esterri d'Àneu
Esterri de Cardós,Pallars Sobirà,Alt Pirineu i Aran,#català947 Esterri de Cardós
Falset,Priorat,Camp de Tarragona,#català947 Falset
"Far d'Empordà, el",Alt Empordà,Comarques Gironines,"#català947 Far d'Empordà, el"
Farrera,Pallars Sobirà,Alt Pirineu i Aran,#català947 Farrera
"Fatarella, la",Terra Alta,Terres de l'Ebre,"#català947 Fatarella, la"
"Febró, la",Baix Camp,Camp de Tarragona,"#català947 Febró, la"
Figaró-Montmany,Vallès Oriental,Metropolità,#català947 Figaró-Montmany
Fígols,Berguedà,Comarques Centrals,#català947 Fígols
Fígols i Alinyà,Alt Urgell,Alt Pirineu i Aran,#català947 Fígols i Alinyà
"Figuera, la",Priorat,Camp de Tarragona,"#català947 Figuera, la"
Figueres,Alt Empordà,Comarques Gironines,#català947 Figueres
Figuerola del Camp,Alt Camp,Camp de Tarragona,#català947 Figuerola del Camp
Flaçà,Gironès,Comarques Gironines,#català947 Flaçà
Flix,Ribera d'Ebre,Terres de l'Ebre,#català947 Flix
"Floresta, la",Garrigues,Ponent,"#català947 Floresta, la"
Fogars de la Selva,Selva,Comarques Gironines,#català947 Fogars de la Selva
Fogars de Montclús,Vallès Oriental,Metropolità,#català947 Fogars de Montclús
Foixà,Baix Empordà,Comarques Gironines,#català947 Foixà
Folgueroles,Osona,Comarques Centrals,#català947 Folgueroles
Fondarella,Pla d'Urgell,Ponent,#català947 Fondarella
Fonollosa,Bages,Comarques Centrals,#català947 Fonollosa
Fontanals de Cerdanya,Cerdanya,Alt Pirineu i Aran,#català947 Fontanals de Cerdanya
Fontanilles,Baix Empordà,Comarques Gironines,#català947 Fontanilles
Fontcoberta,Pla de l'Estany,Comarques Gironines,#català947 Fontcoberta
Font-rubí,Alt Penedès,Penedès,#català947 Font-rubí
Foradada,Noguera,Ponent,#català947 Foradada
Forallac,Baix Empordà,Comarques Gironines,#català947 Forallac
Forès,Conca de Barberà,Camp de Tarragona,#català947 Forès
Fornells de la Selva,Gironès,Comarques Gironines,#català947 Fornells de la Selva
Fortià,Alt Empordà,Comarques Gironines,#català947 Fortià
"Franqueses del Vallès, les",Vallès Oriental,Metropolità,"#català947 Franqueses del Vallès, les"
Freginals,Montsià,Terres de l'Ebre,#català947 Freginals
"Fuliola, la",Urgell,Ponent,"#català947 Fuliola, la"
Fulleda,Garrigues,Ponent,#català947 Fulleda
Gaià,Bages,Comarques Centrals,#català947 Gaià
"Galera, la",Montsià,Terres de l'Ebre,"#català947 Galera, la"
Gallifa,Vallès Occidental,Metropolità,#català947 Gallifa
Gandesa,Terra Alta,Terres de l'Ebre,#català947 Gandesa
Garcia,Ribera d'Ebre,Terres de l'Ebre,#català947 Garcia
"Garidells, els",Alt Camp,Camp de Tarragona,"#català947 Garidells, els"
"Garriga, la",Vallès Oriental,Metropolità,"#català947 Garriga, la"
Garrigàs,Alt Empordà,Comarques Gironines,#català947 Garrigàs
Garrigoles,Baix Empordà,Comarques Gironines,#català947 Garrigoles
Garriguella,Alt Empordà,Comarques Gironines,#català947 Garriguella
Gavà,Baix Llobregat,Metropolità,#català947 Gavà
Gavet de la Conca,Pallars Jussà,Alt Pirineu i Aran,#català947 Gavet de la Conca
Gelida,Alt Penedès,Penedès,#català947 Gelida
Ger,Cerdanya,Alt Pirineu i Aran,#català947 Ger
Gimenells i el Pla de la Font,Segrià,Ponent,#català947 Gimenells i el Pla de la Font
Ginestar,Ribera d'Ebre,Terres de l'Ebre,#català947 Ginestar
Girona,Gironès,Comarques Gironines,#català947 Girona
Gironella,Berguedà,Comarques Centrals,#català947 Gironella
Gisclareny,Berguedà,Comarques Centrals,#català947 Gisclareny
Godall,Montsià,Terres de l'Ebre,#català947 Godall
Golmés,Pla d'Urgell,Ponent,#català947 Golmés
Gombrèn,Ripollès,Comarques Gironines,#català947 Gombrèn
Gósol,Berguedà,Comarques Centrals,#català947 Gósol
"Granada, la",Alt Penedès,Penedès,"#català947 Granada, la"
"Granadella, la",Garrigues,Ponent,"#català947 Granadella, la"
Granera,Moianès,Metropolità,#català947 Granera
"Granja d'Escarp, la",Segrià,Ponent,"#català947 Granja d'Escarp, la"
Granollers,Vallès Oriental,Metropolità,#català947 Granollers
Granyanella,Segarra,Ponent,#català947 Granyanella
Granyena de les Garrigues,Garrigues,Ponent,#català947 Granyena de les Garrigues
Granyena de Segarra,Segarra,Ponent,#català947 Granyena de Segarra
Gratallops,Priorat,Camp de Tarragona,#català947 Gratallops
Gualba,Vallès Oriental,Metropolità,#català947 Gualba
Gualta,Baix Empordà,Comarques Gironines,#català947 Gualta
Guardiola de Berguedà,Berguedà,Comarques Centrals,#català947 Guardiola de Berguedà
"Guiamets, els",Priorat,Camp de Tarragona,"#català947 Guiamets, els"
Guils de Cerdanya,Cerdanya,Alt Pirineu i Aran,#català947 Guils de Cerdanya
Guimerà,Urgell,Ponent,#català947 Guimerà
"Guingueta d'Àneu, la",Pallars Sobirà,Alt Pirineu i Aran,"#català947 Guingueta d'Àneu, la"
Guissona,Segarra,Ponent,#català947 Guissona
Guixers,Solsonès,Comarques Centrals,#català947 Guixers
Gurb,Osona,Comarques Centrals,#català947 Gurb
Horta de Sant Joan,Terra Alta,Terres de l'Ebre,#català947 Horta de Sant Joan
"Hospitalet de Llobregat, l'",Barcelonès,Metropolità,"#català947 Hospitalet de Llobregat, l'"
"Hostalets de Pierola, els",Anoia,Penedès,"#català947 Hostalets de Pierola, els"
Hostalric,Selva,Comarques Gironines,#català947 Hostalric
Igualada,Anoia,Penedès,#català947 Igualada
Isona i Conca Dellà,Pallars Jussà,Alt Pirineu i Aran,#català947 Isona i Conca Dellà
Isòvol,Cerdanya,Alt Pirineu i Aran,#català947 Isòvol
Ivars de Noguera,Noguera,Ponent,#català947 Ivars de Noguera
Ivars d'Urgell,Pla d'Urgell,Ponent,#català947 Ivars d'Urgell
Ivorra,Segarra,Ponent,#català947 Ivorra
Jafre,Baix Empordà,Comarques Gironines,#català947 Jafre
"Jonquera, la",Alt Empordà,Comarques Gironines,"#català947 Jonquera, la"
Jorba,Anoia,Penedès,#català947 Jorba
Josa i Tuixén,Alt Urgell,Alt Pirineu i Aran,#català947 Josa i Tuixén
Juià,Gironès,Comarques Gironines,#català947 Juià
Juncosa,Garrigues,Ponent,#català947 Juncosa
Juneda,Garrigues,Ponent,#català947 Juneda
Les,Aran,Alt Pirineu i Aran,#català947 Les
Linyola,Pla d'Urgell,Ponent,#català947 Linyola
"Llacuna, la",Anoia,Penedès,"#català947 Llacuna, la"
Lladó,Alt Empordà,Comarques Gironines,#català947 Lladó
Lladorre,Pallars Sobirà,Alt Pirineu i Aran,#català947 Lladorre
Lladurs,Solsonès,Comarques Centrals,#català947 Lladurs
"Llagosta, la",Vallès Oriental,Metropolità,"#català947 Llagosta, la"
Llagostera,Gironès,Comarques Gironines,#català947 Llagostera
Llambilles,Gironès,Comarques Gironines,#català947 Llambilles
Llanars,Ripollès,Comarques Gironines,#català947 Llanars
Llançà,Alt Empordà,Comarques Gironines,#català947 Llançà
Llardecans,Segrià,Ponent,#català947 Llardecans
Llavorsí,Pallars Sobirà,Alt Pirineu i Aran,#català947 Llavorsí
Lleida,Segrià,Ponent,#català947 Lleida
Llers,Alt Empordà,Comarques Gironines,#català947 Llers
Lles de Cerdanya,Cerdanya,Alt Pirineu i Aran,#català947 Lles de Cerdanya
Lliçà d'Amunt,Vallès Oriental,Metropolità,#català947 Lliçà d'Amunt
Lliçà de Vall,Vallès Oriental,Metropolità,#català947 Lliçà de Vall
Llimiana,Pallars Jussà,Alt Pirineu i Aran,#català947 Llimiana
Llinars del Vallès,Vallès Oriental,Metropolità,#català947 Llinars del Vallès
Llívia,Cerdanya,Alt Pirineu i Aran,#català947 Llívia
"Lloar, el",Priorat,Camp de Tarragona,"#català947 Lloar, el"
Llobera,Solsonès,Comarques Centrals,#català947 Llobera
Llorac,Conca de Barberà,Camp de Tarragona,#català947 Llorac
Llorenç del Penedès,Baix Penedès,Penedès,#català947 Llorenç del Penedès
Lloret de Mar,Selva,Comarques Gironines,#català947 Lloret de Mar
"Llosses, les",Ripollès,Comarques Gironines,"#català947 Llosses, les"
Lluçà,Osona,Comarques Centrals,#català947 Lluçà
Maçanet de Cabrenys,Alt Empordà,Comarques Gironines,#català947 Maçanet de Cabrenys
Maçanet de la Selva,Selva,Comarques Gironines,#català947 Maçanet de la Selva
Madremanya,Gironès,Comarques Gironines,#català947 Madremanya
Maià de Montcal,Garrotxa,Comarques Gironines,#català947 Maià de Montcal
Maials,Segrià,Ponent,#català947 Maials
Maldà,Urgell,Ponent,#català947 Maldà
Malgrat de Mar,Maresme,Metropolità,#català947 Malgrat de Mar
Malla,Osona,Comarques Centrals,#català947 Malla
Manlleu,Osona,Comarques Centrals,#català947 Manlleu
Manresa,Bages,Comarques Centrals,#català947 Manresa
Marçà,Priorat,Camp de Tarragona,#català947 Marçà
Margalef,Priorat,Camp de Tarragona,#català947 Margalef
Marganell,Bages,Comarques Centrals,#català947 Marganell
Martorell,Baix Llobregat,Metropolità,#català947 Martorell
Martorelles,Vallès Oriental,Metropolità,#català947 Martorelles
Mas de Barberans,Montsià,Terres de l'Ebre,#català947 Mas de Barberans
Masarac,Alt Empordà,Comarques Gironines,#català947 Masarac
Masdenverge,Montsià,Terres de l'Ebre,#català947 Masdenverge
"Masies de Roda, les",Osona,Comarques Centrals,"#català947 Masies de Roda, les"
"Masies de Voltregà, les",Osona,Comarques Centrals,"#català947 Masies de Voltregà, les"
Masllorenç,Baix Penedès,Penedès,#català947 Masllorenç
"Masnou, el",Maresme,Metropolità,"#català947 Masnou, el"
"Masó, la",Alt Camp,Camp de Tarragona,"#català947 Masó, la"
Maspujols,Baix Camp,Camp de Tarragona,#català947 Maspujols
Masquefa,Anoia,Penedès,#català947 Masquefa
"Masroig, el",Priorat,Camp de Tarragona,"#català947 Masroig, el"
Massalcoreig,Segrià,Ponent,#català947 Massalcoreig
Massanes,Selva,Comarques Gironines,#català947 Massanes
Massoteres,Segarra,Ponent,#català947 Massoteres
Matadepera,Vallès Occidental,Metropolità,#català947 Matadepera
Mataró,Maresme,Metropolità,#català947 Mataró
Mediona,Alt Penedès,Penedès,#català947 Mediona
Menàrguens,Noguera,Ponent,#català947 Menàrguens
Meranges,Cerdanya,Alt Pirineu i Aran,#català947 Meranges
Mieres,Garrotxa,Comarques Gironines,#català947 Mieres
"Milà, el",Alt Camp,Camp de Tarragona,"#català947 Milà, el"
Miralcamp,Pla d'Urgell,Ponent,#català947 Miralcamp
Miravet,Ribera d'Ebre,Terres de l'Ebre,#català947 Miravet
Moià,Moianès,Comarques Centrals,#català947 Moià
"Molar, el",Priorat,Camp de Tarragona,"#català947 Molar, el"
Molins de Rei,Baix Llobregat,Metropolità,#català947 Molins de Rei
Mollerussa,Pla d'Urgell,Ponent,#català947 Mollerussa
Mollet de Peralada,Alt Empordà,Comarques Gironines,#català947 Mollet de Peralada
Mollet del Vallès,Vallès Oriental,Metropolità,#català947 Mollet del Vallès
Molló,Ripollès,Comarques Gironines,#català947 Molló
"Molsosa, la",Solsonès,Comarques Centrals,"#català947 Molsosa, la"
Monistrol de Calders,Moianès,Comarques Centrals,#català947 Monistrol de Calders
Monistrol de Montserrat,Bages,Comarques Centrals,#català947 Monistrol de Montserrat
Montagut i Oix,Garrotxa,Comarques Gironines,#català947 Montagut i Oix
Montblanc,Conca de Barberà,Camp de Tarragona,#català947 Montblanc
Montbrió del Camp,Baix Camp,Camp de Tarragona,#català947 Montbrió del Camp
Montcada i Reixac,Vallès Occidental,Metropolità,#català947 Montcada i Reixac
Montclar,Berguedà,Comarques Centrals,#català947 Montclar
Montellà i Martinet,Cerdanya,Alt Pirineu i Aran,#català947 Montellà i Martinet
Montesquiu,Osona,Comarques Centrals,#català947 Montesquiu
Montferrer i Castellbò,Alt Urgell,Alt Pirineu i Aran,#català947 Montferrer i Castellbò
Montferri,Alt Camp,Camp de Tarragona,#català947 Montferri
Montgai,Noguera,Ponent,#català947 Montgai
Montgat,Maresme,Metropolità,#català947 Montgat
Montmajor,Berguedà,Comarques Centrals,#català947 Montmajor
Montmaneu,Anoia,Penedès,#català947 Montmaneu
"Montmell, el",Baix Penedès,Penedès,"#català947 Montmell, el"
Montmeló,Vallès Oriental,Metropolità,#català947 Montmeló
Montoliu de Lleida,Segrià,Ponent,#català947 Montoliu de Lleida
Montoliu de Segarra,Segarra,Ponent,#català947 Montoliu de Segarra
Montornès de Segarra,Segarra,Ponent,#català947 Montornès de Segarra
Montornès del Vallès,Vallès Oriental,Metropolità,#català947 Montornès del Vallès
Mont-ral,Alt Camp,Camp de Tarragona,#català947 Mont-ral
Mont-ras,Baix Empordà,Comarques Gironines,#català947 Mont-ras
Mont-roig del Camp,Baix Camp,Camp de Tarragona,#català947 Mont-roig del Camp
Montseny,Vallès Oriental,Metropolità,#català947 Montseny
Móra d'Ebre,Ribera d'Ebre,Terres de l'Ebre,#català947 Móra d'Ebre
Móra la Nova,Ribera d'Ebre,Terres de l'Ebre,#català947 Móra la Nova
"Morell, el",Tarragonès,Camp de Tarragona,"#català947 Morell, el"
"Morera de Montsant, la",Priorat,Camp de Tarragona,"#català947 Morera de Montsant, la"
Muntanyola,Osona,Comarques Centrals,#català947 Muntanyola
Mura,Bages,Comarques Centrals,#català947 Mura
Nalec,Urgell,Ponent,#català947 Nalec
Naut Aran,Aran,Alt Pirineu i Aran,#català947 Naut Aran
Navarcles,Bages,Comarques Centrals,#català947 Navarcles
Navàs,Bages,Comarques Centrals,#català947 Navàs
Navata,Alt Empordà,Comarques Gironines,#català947 Navata
Navès,Solsonès,Comarques Centrals,#català947 Navès
"Nou de Berguedà, la",Berguedà,Comarques Centrals,"#català947 Nou de Berguedà, la"
"Nou de Gaià, la",Tarragonès,Camp de Tarragona,"#català947 Nou de Gaià, la"
Nulles,Alt Camp,Camp de Tarragona,#català947 Nulles
Odèn,Solsonès,Comarques Centrals,#català947 Odèn
Òdena,Anoia,Penedès,#català947 Òdena
Ogassa,Ripollès,Comarques Gironines,#català947 Ogassa
Olèrdola,Alt Penedès,Penedès,#català947 Olèrdola
Olesa de Bonesvalls,Alt Penedès,Penedès,#català947 Olesa de Bonesvalls
Olesa de Montserrat,Baix Llobregat,Metropolità,#català947 Olesa de Montserrat
Oliana,Alt Urgell,Alt Pirineu i Aran,#català947 Oliana
Oliola,Noguera,Ponent,#català947 Oliola
Olius,Solsonès,Comarques Centrals,#català947 Olius
Olivella,Garraf,Penedès,#català947 Olivella
Olost,Osona,Comarques Centrals,#català947 Olost
Olot,Garrotxa,Comarques Gironines,#català947 Olot
"Oluges, les",Segarra,Ponent,"#català947 Oluges, les"
Olvan,Berguedà,Comarques Centrals,#català947 Olvan
"Omellons, els",Garrigues,Ponent,"#català947 Omellons, els"
"Omells de na Gaia, els",Urgell,Ponent,"#català947 Omells de na Gaia, els"
Ordis,Alt Empordà,Comarques Gironines,#català947 Ordis
Organyà,Alt Urgell,Alt Pirineu i Aran,#català947 Organyà
Orís,Osona,Comarques Centrals,#català947 Orís
Oristà,Osona,Comarques Centrals,#català947 Oristà
Orpí,Anoia,Penedès,#català947 Orpí
Òrrius,Maresme,Metropolità,#català947 Òrrius
Os de Balaguer,Noguera,Ponent,#català947 Os de Balaguer
Osor,Selva,Comarques Gironines,#català947 Osor
Ossó de Sió,Urgell,Ponent,#català947 Ossó de Sió
Pacs del Penedès,Alt Penedès,Penedès,#català947 Pacs del Penedès
Palafolls,Maresme,Metropolità,#català947 Palafolls
Palafrugell,Baix Empordà,Comarques Gironines,#català947 Palafrugell
Palamós,Baix Empordà,Comarques Gironines,#català947 Palamós
"Palau d'Anglesola, el",Pla d'Urgell,Ponent,"#català947 Palau d'Anglesola, el"
Palau de Santa Eulàlia,Alt Empordà,Comarques Gironines,#català947 Palau de Santa Eulàlia
Palau-sator,Baix Empordà,Comarques Gironines,#català947 Palau-sator
Palau-saverdera,Alt Empordà,Comarques Gironines,#català947 Palau-saverdera
Palau-solità i Plegamans,Vallès Occidental,Metropolità,#català947 Palau-solità i Plegamans
"Pallaresos, els",Tarragonès,Camp de Tarragona,"#català947 Pallaresos, els"
Pallejà,Baix Llobregat,Metropolità,#català947 Pallejà
"Palma de Cervelló, la",Baix Llobregat,Metropolità,"#català947 Palma de Cervelló, la"
"Palma d'Ebre, la",Ribera d'Ebre,Terres de l'Ebre,"#català947 Palma d'Ebre, la"
Palol de Revardit,Pla de l'Estany,Comarques Gironines,#català947 Palol de Revardit
Pals,Baix Empordà,Comarques Gironines,#català947 Pals
"Papiol, el",Baix Llobregat,Metropolità,"#català947 Papiol, el"
Pardines,Ripollès,Comarques Gironines,#català947 Pardines
Parets del Vallès,Vallès Oriental,Metropolità,#català947 Parets del Vallès
Parlavà,Baix Empordà,Comarques Gironines,#català947 Parlavà
Passanant i Belltall,Conca de Barberà,Camp de Tarragona,#català947 Passanant i Belltall
Pau,Alt Empordà,Comarques Gironines,#català947 Pau
Paüls,Baix Ebre,Terres de l'Ebre,#català947 Paüls
Pedret i Marzà,Alt Empordà,Comarques Gironines,#català947 Pedret i Marzà
Penelles,Noguera,Ponent,#català947 Penelles
"Pera, la",Baix Empordà,Comarques Gironines,"#català947 Pera, la"
Perafita,Osona,Comarques Centrals,#català947 Perafita
Perafort,Tarragonès,Camp de Tarragona,#català947 Perafort
Peralada,Alt Empordà,Comarques Gironines,#català947 Peralada
Peramola,Alt Urgell,Alt Pirineu i Aran,#català947 Peramola
"Perelló, el",Baix Ebre,Terres de l'Ebre,"#català947 Perelló, el"
Piera,Anoia,Penedès,#català947 Piera
"Piles, les",Conca de Barberà,Camp de Tarragona,"#català947 Piles, les"
Pineda de Mar,Maresme,Metropolità,#català947 Pineda de Mar
"Pinell de Brai, el",Terra Alta,Terres de l'Ebre,"#català947 Pinell de Brai, el"
Pinell de Solsonès,Solsonès,Comarques Centrals,#català947 Pinell de Solsonès
Pinós,Solsonès,Comarques Centrals,#català947 Pinós
Pira,Conca de Barberà,Camp de Tarragona,#català947 Pira
"Pla de Santa Maria, el",Alt Camp,Camp de Tarragona,"#català947 Pla de Santa Maria, el"
"Pla del Penedès, el",Alt Penedès,Penedès,"#català947 Pla del Penedès, el"
"Planes d'Hostoles, les",Garrotxa,Comarques Gironines,"#català947 Planes d'Hostoles, les"
Planoles,Ripollès,Comarques Gironines,#català947 Planoles
"Plans de Sió, els",Segarra,Ponent,"#català947 Plans de Sió, els"
"Poal, el",Pla d'Urgell,Ponent,"#català947 Poal, el"
"Pobla de Cérvoles, la",Garrigues,Ponent,"#català947 Pobla de Cérvoles, la"
"Pobla de Claramunt, la",Anoia,Penedès,"#català947 Pobla de Claramunt, la"
"Pobla de Lillet, la",Berguedà,Comarques Centrals,"#català947 Pobla de Lillet, la"
"Pobla de Mafumet, la",Tarragonès,Camp de Tarragona,"#català947 Pobla de Mafumet, la"
"Pobla de Massaluca, la",Terra Alta,Terres de l'Ebre,"#català947 Pobla de Massaluca, la"
"Pobla de Montornès, la",Tarragonès,Camp de Tarragona,"#català947 Pobla de Montornès, la"
"Pobla de Segur, la",Pallars Jussà,Alt Pirineu i Aran,"#català947 Pobla de Segur, la"
Poboleda,Priorat,Camp de Tarragona,#català947 Poboleda
Polinyà,Vallès Occidental,Metropolità,#català947 Polinyà
"Pont d'Armentera, el",Alt Camp,Camp de Tarragona,"#català947 Pont d'Armentera, el"
"Pont de Bar, el",Alt Urgell,Alt Pirineu i Aran,"#català947 Pont de Bar, el"
Pont de Molins,Alt Empordà,Comarques Gironines,#català947 Pont de Molins
"Pont de Suert, el",Alta Ribagorça,Alt Pirineu i Aran,"#català947 Pont de Suert, el"
"Pont de Vilomara i Rocafort, el",Bages,Comarques Centrals,"#català947 Pont de Vilomara i Rocafort, el"
Pontils,Conca de Barberà,Camp de Tarragona,#català947 Pontils
Pontons,Alt Penedès,Penedès,#català947 Pontons
Pontós,Alt Empordà,Comarques Gironines,#català947 Pontós
Ponts,Noguera,Ponent,#català947 Ponts
Porqueres,Pla de l'Estany,Comarques Gironines,#català947 Porqueres
Porrera,Priorat,Camp de Tarragona,#català947 Porrera
"Port de la Selva, el",Alt Empordà,Comarques Gironines,"#català947 Port de la Selva, el"
Portbou,Alt Empordà,Comarques Gironines,#català947 Portbou
"Portella, la",Segrià,Ponent,"#català947 Portella, la"
Pradell de la Teixeta,Priorat,Camp de Tarragona,#català947 Pradell de la Teixeta
Prades,Baix Camp,Camp de Tarragona,#català947 Prades
Prat de Comte,Terra Alta,Terres de l'Ebre,#català947 Prat de Comte
"Prat de Llobregat, el",Baix Llobregat,Metropolità,"#català947 Prat de Llobregat, el"
Pratdip,Baix Camp,Camp de Tarragona,#català947 Pratdip
Prats de Lluçanès,Osona,Comarques Centrals,#català947 Prats de Lluçanès
"Prats de Rei, els",Anoia,Comarques Centrals,"#català947 Prats de Rei, els"
Prats i Sansor,Cerdanya,Alt Pirineu i Aran,#català947 Prats i Sansor
Preixana,Urgell,Ponent,#català947 Preixana
Preixens,Noguera,Ponent,#català947 Preixens
Premià de Dalt,Maresme,Metropolità,#català947 Premià de Dalt
Premià de Mar,Maresme,Metropolità,#català947 Premià de Mar
"Preses, les",Garrotxa,Comarques Gironines,"#català947 Preses, les"
Prullans,Cerdanya,Alt Pirineu i Aran,#català947 Prullans
Puigcerdà,Cerdanya,Alt Pirineu i Aran,#català947 Puigcerdà
Puigdàlber,Alt Penedès,Penedès,#català947 Puigdàlber
Puiggròs,Garrigues,Ponent,#català947 Puiggròs
Puigpelat,Alt Camp,Camp de Tarragona,#català947 Puigpelat
Puig-reig,Berguedà,Comarques Centrals,#català947 Puig-reig
Puigverd d'Agramunt,Urgell,Ponent,#català947 Puigverd d'Agramunt
Puigverd de Lleida,Segrià,Ponent,#català947 Puigverd de Lleida
Pujalt,Anoia,Comarques Centrals,#català947 Pujalt
"Quar, la",Berguedà,Comarques Centrals,"#català947 Quar, la"
Quart,Gironès,Comarques Gironines,#català947 Quart
Queralbs,Ripollès,Comarques Gironines,#català947 Queralbs
Querol,Alt Camp,Camp de Tarragona,#català947 Querol
Rabós,Alt Empordà,Comarques Gironines,#català947 Rabós
Rajadell,Bages,Comarques Centrals,#català947 Rajadell
Rasquera,Ribera d'Ebre,Terres de l'Ebre,#català947 Rasquera
Regencós,Baix Empordà,Comarques Gironines,#català947 Regencós
Rellinars,Vallès Occidental,Metropolità,#català947 Rellinars
Renau,Tarragonès,Camp de Tarragona,#català947 Renau
Reus,Baix Camp,Camp de Tarragona,#català947 Reus
Rialp,Pallars Sobirà,Alt Pirineu i Aran,#català947 Rialp
"Riba, la",Alt Camp,Camp de Tarragona,"#català947 Riba, la"
Riba-roja d'Ebre,Ribera d'Ebre,Terres de l'Ebre,#català947 Riba-roja d'Ebre
Ribera d'Ondara,Segarra,Ponent,#català947 Ribera d'Ondara
Ribera d'Urgellet,Alt Urgell,Alt Pirineu i Aran,#català947 Ribera d'Urgellet
Ribes de Freser,Ripollès,Comarques Gironines,#català947 Ribes de Freser
Riells i Viabrea,Selva,Comarques Gironines,#català947 Riells i Viabrea
"Riera de Gaià, la",Tarragonès,Camp de Tarragona,"#català947 Riera de Gaià, la"
Riner,Solsonès,Comarques Centrals,#català947 Riner
Ripoll,Ripollès,Comarques Gironines,#català947 Ripoll
Ripollet,Vallès Occidental,Metropolità,#català947 Ripollet
Riu de Cerdanya,Cerdanya,Alt Pirineu i Aran,#català947 Riu de Cerdanya
Riudarenes,Selva,Comarques Gironines,#català947 Riudarenes
Riudaura,Garrotxa,Comarques Gironines,#català947 Riudaura
Riudecanyes,Baix Camp,Camp de Tarragona,#català947 Riudecanyes
Riudecols,Baix Camp,Camp de Tarragona,#català947 Riudecols
Riudellots de la Selva,Selva,Comarques Gironines,#català947 Riudellots de la Selva
Riudoms,Baix Camp,Camp de Tarragona,#català947 Riudoms
Riumors,Alt Empordà,Comarques Gironines,#català947 Riumors
"Roca del Vallès, la",Vallès Oriental,Metropolità,"#català947 Roca del Vallès, la"
Rocafort de Queralt,Conca de Barberà,Camp de Tarragona,#català947 Rocafort de Queralt
Roda de Berà,Tarragonès,Camp de Tarragona,#català947 Roda de Berà
Roda de Ter,Osona,Comarques Centrals,#català947 Roda de Ter
Rodonyà,Alt Camp,Camp de Tarragona,#català947 Rodonyà
Roquetes,Baix Ebre,Terres de l'Ebre,#català947 Roquetes
Roses,Alt Empordà,Comarques Gironines,#català947 Roses
Rosselló,Segrià,Ponent,#català947 Rosselló
"Rourell, el",Alt Camp,Camp de Tarragona,"#català947 Rourell, el"
Rubí,Vallès Occidental,Metropolità,#català947 Rubí
Rubió,Anoia,Penedès,#català947 Rubió
Rupià,Baix Empordà,Comarques Gironines,#català947 Rupià
Rupit i Pruit,Osona,Comarques Centrals,#català947 Rupit i Pruit
Sabadell,Vallès Occidental,Metropolità,#català947 Sabadell
Sagàs,Berguedà,Comarques Centrals,#català947 Sagàs
Salàs de Pallars,Pallars Jussà,Alt Pirineu i Aran,#català947 Salàs de Pallars
Saldes,Berguedà,Comarques Centrals,#català947 Saldes
Sales de Llierca,Garrotxa,Comarques Gironines,#català947 Sales de Llierca
Sallent,Bages,Comarques Centrals,#català947 Sallent
Salomó,Tarragonès,Camp de Tarragona,#català947 Salomó
Salou,Tarragonès,Camp de Tarragona,#català947 Salou
Salt,Gironès,Comarques Gironines,#català947 Salt
Sanaüja,Segarra,Ponent,#català947 Sanaüja
Sant Adrià de Besòs,Barcelonès,Metropolità,#català947 Sant Adrià de Besòs
Sant Agustí de Lluçanès,Osona,Comarques Centrals,#català947 Sant Agustí de Lluçanès
Sant Andreu de la Barca,Baix Llobregat,Metropolità,#català947 Sant Andreu de la Barca
Sant Andreu de Llavaneres,Maresme,Metropolità,#català947 Sant Andreu de Llavaneres
Sant Andreu Salou,Gironès,Comarques Gironines,#català947 Sant Andreu Salou
Sant Aniol de Finestres,Garrotxa,Comarques Gironines,#català947 Sant Aniol de Finestres
Sant Antoni de Vilamajor,Vallès Oriental,Metropolità,#català947 Sant Antoni de Vilamajor
Sant Bartomeu del Grau,Osona,Comarques Centrals,#català947 Sant Bartomeu del Grau
Sant Boi de Llobregat,Baix Llobregat,Metropolità,#català947 Sant Boi de Llobregat
Sant Boi de Lluçanès,Osona,Comarques Centrals,#català947 Sant Boi de Lluçanès
Sant Carles de la Ràpita,Montsià,Terres de l'Ebre,#català947 Sant Carles de la Ràpita
Sant Cebrià de Vallalta,Maresme,Metropolità,#català947 Sant Cebrià de Vallalta
Sant Celoni,Vallès Oriental,Metropolità,#català947 Sant Celoni
Sant Climent de Llobregat,Baix Llobregat,Metropolità,#català947 Sant Climent de Llobregat
Sant Climent Sescebes,Alt Empordà,Comarques Gironines,#català947 Sant Climent Sescebes
Sant Cugat del Vallès,Vallès Occidental,Metropolità,#català947 Sant Cugat del Vallès
Sant Cugat Sesgarrigues,Alt Penedès,Penedès,#català947 Sant Cugat Sesgarrigues
Sant Esteve de la Sarga,Pallars Jussà,Alt Pirineu i Aran,#català947 Sant Esteve de la Sarga
Sant Esteve de Palautordera,Vallès Oriental,Metropolità,#català947 Sant Esteve de Palautordera
Sant Esteve Sesrovires,Baix Llobregat,Metropolità,#català947 Sant Esteve Sesrovires
Sant Feliu de Buixalleu,Selva,Comarques Gironines,#català947 Sant Feliu de Buixalleu
Sant Feliu de Codines,Vallès Oriental,Metropolità,#català947 Sant Feliu de Codines
Sant Feliu de Guíxols,Baix Empordà,Comarques Gironines,#català947 Sant Feliu de Guíxols
Sant Feliu de Llobregat,Baix Llobregat,Metropolità,#català947 Sant Feliu de Llobregat
Sant Feliu de Pallerols,Garrotxa,Comarques Gironines,#català947 Sant Feliu de Pallerols
Sant Feliu Sasserra,Bages,Comarques Centrals,#català947 Sant Feliu Sasserra
Sant Ferriol,Garrotxa,Comarques Gironines,#català947 Sant Ferriol
Sant Fost de Campsentelles,Vallès Oriental,Metropolità,#català947 Sant Fost de Campsentelles
Sant Fruitós de Bages,Bages,Comarques Centrals,#català947 Sant Fruitós de Bages
Sant Gregori,Gironès,Comarques Gironines,#català947 Sant Gregori
Sant Guim de Freixenet,Segarra,Ponent,#català947 Sant Guim de Freixenet
Sant Guim de la Plana,Segarra,Ponent,#català947 Sant Guim de la Plana
Sant Hilari Sacalm,Selva,Comarques Gironines,#català947 Sant Hilari Sacalm
Sant Hipòlit de Voltregà,Osona,Comarques Centrals,#català947 Sant Hipòlit de Voltregà
Sant Iscle de Vallalta,Maresme,Metropolità,#català947 Sant Iscle de Vallalta
Sant Jaume de Frontanyà,Berguedà,Comarques Centrals,#català947 Sant Jaume de Frontanyà
Sant Jaume de Llierca,Garrotxa,Comarques Gironines,#català947 Sant Jaume de Llierca
Sant Jaume dels Domenys,Baix Penedès,Penedès,#català947 Sant Jaume dels Domenys
Sant Jaume d'Enveja,Montsià,Terres de l'Ebre,#català947 Sant Jaume d'Enveja
Sant Joan de les Abadesses,Ripollès,Comarques Gironines,#català947 Sant Joan de les Abadesses
Sant Joan de Mollet,Gironès,Comarques Gironines,#català947 Sant Joan de Mollet
Sant Joan de Vilatorrada,Bages,Comarques Centrals,#català947 Sant Joan de Vilatorrada
Sant Joan Despí,Baix Llobregat,Metropolità,#català947 Sant Joan Despí
Sant Joan les Fonts,Garrotxa,Comarques Gironines,#català947 Sant Joan les Fonts
Sant Jordi Desvalls,Gironès,Comarques Gironines,#català947 Sant Jordi Desvalls
Sant Julià de Cerdanyola,Berguedà,Comarques Centrals,#català947 Sant Julià de Cerdanyola
Sant Julià de Ramis,Gironès,Comarques Gironines,#català947 Sant Julià de Ramis
Sant Julià de Vilatorta,Osona,Comarques Centrals,#català947 Sant Julià de Vilatorta
Sant Julià del Llor i Bonmatí,Selva,Comarques Gironines,#català947 Sant Julià del Llor i Bonmatí
Sant Just Desvern,Baix Llobregat,Metropolità,#català947 Sant Just Desvern
Sant Llorenç de la Muga,Alt Empordà,Comarques Gironines,#català947 Sant Llorenç de la Muga
Sant Llorenç de Morunys,Solsonès,Comarques Centrals,#català947 Sant Llorenç de Morunys
Sant Llorenç d'Hortons,Alt Penedès,Penedès,#català947 Sant Llorenç d'Hortons
Sant Llorenç Savall,Vallès Occidental,Metropolità,#català947 Sant Llorenç Savall
Sant Martí d'Albars,Osona,Comarques Centrals,#català947 Sant Martí d'Albars
Sant Martí de Centelles,Osona,Comarques Centrals,#català947 Sant Martí de Centelles
Sant Martí de Llémena,Gironès,Comarques Gironines,#català947 Sant Martí de Llémena
Sant Martí de Riucorb,Urgell,Ponent,#català947 Sant Martí de Riucorb
Sant Martí de Tous,Anoia,Penedès,#català947 Sant Martí de Tous
Sant Martí Sarroca,Alt Penedès,Penedès,#català947 Sant Martí Sarroca
Sant Martí Sesgueioles,Anoia,Comarques Centrals,#català947 Sant Martí Sesgueioles
Sant Martí Vell,Gironès,Comarques Gironines,#català947 Sant Martí Vell
Sant Mateu de Bages,Bages,Comarques Centrals,#català947 Sant Mateu de Bages
Sant Miquel de Campmajor,Pla de l'Estany,Comarques Gironines,#català947 Sant Miquel de Campmajor
Sant Miquel de Fluvià,Alt Empordà,Comarques Gironines,#català947 Sant Miquel de Fluvià
Sant Mori,Alt Empordà,Comarques Gironines,#català947 Sant Mori
Sant Pau de Segúries,Ripollès,Comarques Gironines,#català947 Sant Pau de Segúries
Sant Pere de Ribes,Garraf,Penedès,#català947 Sant Pere de Ribes
Sant Pere de Riudebitlles,Alt Penedès,Penedès,#català947 Sant Pere de Riudebitlles
Sant Pere de Torelló,Osona,Comarques Centrals,#català947 Sant Pere de Torelló
Sant Pere de Vilamajor,Vallès Oriental,Metropolità,#català947 Sant Pere de Vilamajor
Sant Pere Pescador,Alt Empordà,Comarques Gironines,#català947 Sant Pere Pescador
Sant Pere Sallavinera,Anoia,Comarques Centrals,#català947 Sant Pere Sallavinera
Sant Pol de Mar,Maresme,Metropolità,#català947 Sant Pol de Mar
Sant Quintí de Mediona,Alt Penedès,Penedès,#català947 Sant Quintí de Mediona
Sant Quirze de Besora,Osona,Comarques Centrals,#català947 Sant Quirze de Besora
Sant Quirze del Vallès,Vallès Occidental,Metropolità,#català947 Sant Quirze del Vallès
Sant Quirze Safaja,Moianès,Metropolità,#català947 Sant Quirze Safaja
Sant Ramon,Segarra,Ponent,#català947 Sant Ramon
Sant Sadurní d'Anoia,Alt Penedès,Penedès,#català947 Sant Sadurní d'Anoia
Sant Sadurní d'Osormort,Osona,Comarques Centrals,#català947 Sant Sadurní d'Osormort
Sant Salvador de Guardiola,Bages,Comarques Centrals,#català947 Sant Salvador de Guardiola
Sant Vicenç de Castellet,Bages,Comarques Centrals,#català947 Sant Vicenç de Castellet
Sant Vicenç de Montalt,Maresme,Metropolità,#català947 Sant Vicenç de Montalt
Sant Vicenç de Torelló,Osona,Comarques Centrals,#català947 Sant Vicenç de Torelló
Sant Vicenç dels Horts,Baix Llobregat,Metropolità,#català947 Sant Vicenç dels Horts
Santa Bàrbara,Montsià,Terres de l'Ebre,#català947 Santa Bàrbara
Santa Cecília de Voltregà,Osona,Comarques Centrals,#català947 Santa Cecília de Voltregà
Santa Coloma de Cervelló,Baix Llobregat,Metropolità,#català947 Santa Coloma de Cervelló
Santa Coloma de Farners,Selva,Comarques Gironines,#català947 Santa Coloma de Farners
Santa Coloma de Gramenet,Barcelonès,Metropolità,#català947 Santa Coloma de Gramenet
Santa Coloma de Queralt,Conca de Barberà,Camp de Tarragona,#català947 Santa Coloma de Queralt
Santa Cristina d'Aro,Baix Empordà,Comarques Gironines,#català947 Santa Cristina d'Aro
Santa Eugènia de Berga,Osona,Comarques Centrals,#català947 Santa Eugènia de Berga
Santa Eulàlia de Riuprimer,Osona,Comarques Centrals,#català947 Santa Eulàlia de Riuprimer
Santa Eulàlia de Ronçana,Vallès Oriental,Metropolità,#català947 Santa Eulàlia de Ronçana
Santa Fe del Penedès,Alt Penedès,Penedès,#català947 Santa Fe del Penedès
Santa Llogaia d'Àlguema,Alt Empordà,Comarques Gironines,#català947 Santa Llogaia d'Àlguema
Santa Margarida de Montbui,Anoia,Penedès,#català947 Santa Margarida de Montbui
Santa Margarida i els Monjos,Alt Penedès,Penedès,#català947 Santa Margarida i els Monjos
Santa Maria de Besora,Osona,Comarques Centrals,#català947 Santa Maria de Besora
Santa Maria de Martorelles,Vallès Oriental,Metropolità,#català947 Santa Maria de Martorelles
Santa Maria de Merlès,Berguedà,Comarques Centrals,#català947 Santa Maria de Merlès
Santa Maria de Miralles,Anoia,Penedès,#català947 Santa Maria de Miralles
Santa Maria de Palautordera,Vallès Oriental,Metropolità,#català947 Santa Maria de Palautordera
Santa Maria d'Oló,Moianès,Comarques Centrals,#català947 Santa Maria d'Oló
Santa Oliva,Baix Penedès,Penedès,#català947 Santa Oliva
Santa Pau,Garrotxa,Comarques Gironines,#català947 Santa Pau
Santa Perpètua de Mogoda,Vallès Occidental,Metropolità,#català947 Santa Perpètua de Mogoda
Santa Susanna,Maresme,Metropolità,#català947 Santa Susanna
Santpedor,Bages,Comarques Centrals,#català947 Santpedor
Sarral,Conca de Barberà,Camp de Tarragona,#català947 Sarral
Sarrià de Ter,Gironès,Comarques Gironines,#català947 Sarrià de Ter
Sarroca de Bellera,Pallars Jussà,Alt Pirineu i Aran,#català947 Sarroca de Bellera
Sarroca de Lleida,Segrià,Ponent,#català947 Sarroca de Lleida
"Saus, Camallera i Llampaies",Alt Empordà,Comarques Gironines,"#català947 Saus, Camallera i Llampaies"
Savallà del Comtat,Conca de Barberà,Camp de Tarragona,#català947 Savallà del Comtat
"Secuita, la",Tarragonès,Camp de Tarragona,"#català947 Secuita, la"
"Selva de Mar, la",Alt Empordà,Comarques Gironines,"#català947 Selva de Mar, la"
"Selva del Camp, la",Baix Camp,Camp de Tarragona,"#català947 Selva del Camp, la"
Senan,Conca de Barberà,Camp de Tarragona,#català947 Senan
"Sénia, la",Montsià,Terres de l'Ebre,"#català947 Sénia, la"
Senterada,Pallars Jussà,Alt Pirineu i Aran,#català947 Senterada
"Sentiu de Sió, la",Noguera,Ponent,"#català947 Sentiu de Sió, la"
Sentmenat,Vallès Occidental,Metropolità,#català947 Sentmenat
Serinyà,Pla de l'Estany,Comarques Gironines,#català947 Serinyà
Seròs,Segrià,Ponent,#català947 Seròs
Serra de Daró,Baix Empordà,Comarques Gironines,#català947 Serra de Daró
Setcases,Ripollès,Comarques Gironines,#català947 Setcases
"Seu d'Urgell, la",Alt Urgell,Alt Pirineu i Aran,"#català947 Seu d'Urgell, la"
Seva,Osona,Comarques Centrals,#català947 Seva
Sidamon,Pla d'Urgell,Ponent,#català947 Sidamon
Sils,Selva,Comarques Gironines,#català947 Sils
Sitges,Garraf,Penedès,#català947 Sitges
Siurana,Alt Empordà,Comarques Gironines,#català947 Siurana
Sobremunt,Osona,Comarques Centrals,#català947 Sobremunt
"Soleràs, el",Garrigues,Ponent,"#català947 Soleràs, el"
Solivella,Conca de Barberà,Camp de Tarragona,#català947 Solivella
Solsona,Solsonès,Comarques Centrals,#català947 Solsona
Sora,Osona,Comarques Centrals,#català947 Sora
Soriguera,Pallars Sobirà,Alt Pirineu i Aran,#català947 Soriguera
Sort,Pallars Sobirà,Alt Pirineu i Aran,#català947 Sort
Soses,Segrià,Ponent,#català947 Soses
Subirats,Alt Penedès,Penedès,#català947 Subirats
Sudanell,Segrià,Ponent,#català947 Sudanell
Sunyer,Segrià,Ponent,#català947 Sunyer
Súria,Bages,Comarques Centrals,#català947 Súria
Susqueda,Selva,Comarques Gironines,#català947 Susqueda
Tagamanent,Vallès Oriental,Metropolità,#català947 Tagamanent
Talamanca,Bages,Comarques Centrals,#català947 Talamanca
Talarn,Pallars Jussà,Alt Pirineu i Aran,#català947 Talarn
Talavera,Segarra,Ponent,#català947 Talavera
"Tallada d'Empordà, la",Baix Empordà,Comarques Gironines,"#català947 Tallada d'Empordà, la"
Taradell,Osona,Comarques Centrals,#català947 Taradell
Tarragona,Tarragonès,Camp de Tarragona,#català947 Tarragona
Tàrrega,Urgell,Ponent,#català947 Tàrrega
Tarrés,Garrigues,Ponent,#català947 Tarrés
Tarroja de Segarra,Segarra,Ponent,#català947 Tarroja de Segarra
Tavèrnoles,Osona,Comarques Centrals,#català947 Tavèrnoles
Tavertet,Osona,Comarques Centrals,#català947 Tavertet
Teià,Maresme,Metropolità,#català947 Teià
Térmens,Noguera,Ponent,#català947 Térmens
Terrades,Alt Empordà,Comarques Gironines,#català947 Terrades
Terrassa,Vallès Occidental,Metropolità,#català947 Terrassa
Tiana,Maresme,Metropolità,#català947 Tiana
Tírvia,Pallars Sobirà,Alt Pirineu i Aran,#català947 Tírvia
Tiurana,Noguera,Ponent,#català947 Tiurana
Tivenys,Baix Ebre,Terres de l'Ebre,#català947 Tivenys
Tivissa,Ribera d'Ebre,Terres de l'Ebre,#català947 Tivissa
Tona,Osona,Comarques Centrals,#català947 Tona
Torà,Segarra,Ponent,#català947 Torà
Tordera,Maresme,Metropolità,#català947 Tordera
Torelló,Osona,Comarques Centrals,#català947 Torelló
"Torms, els",Garrigues,Ponent,"#català947 Torms, els"
Tornabous,Urgell,Ponent,#català947 Tornabous
"Torre de Cabdella, la",Pallars Jussà,Alt Pirineu i Aran,"#català947 Torre de Cabdella, la"
"Torre de Claramunt, la",Anoia,Penedès,"#català947 Torre de Claramunt, la"
"Torre de Fontaubella, la",Priorat,Camp de Tarragona,"#català947 Torre de Fontaubella, la"
"Torre de l'Espanyol, la",Ribera d'Ebre,Terres de l'Ebre,"#català947 Torre de l'Espanyol, la"
Torrebesses,Segrià,Ponent,#català947 Torrebesses
Torredembarra,Tarragonès,Camp de Tarragona,#català947 Torredembarra
Torrefarrera,Segrià,Ponent,#català947 Torrefarrera
Torrefeta i Florejacs,Segarra,Ponent,#català947 Torrefeta i Florejacs
Torregrossa,Pla d'Urgell,Ponent,#català947 Torregrossa
Torrelameu,Noguera,Ponent,#català947 Torrelameu
Torrelavit,Alt Penedès,Penedès,#català947 Torrelavit
Torrelles de Foix,Alt Penedès,Penedès,#català947 Torrelles de Foix
Torrelles de Llobregat,Baix Llobregat,Metropolità,#català947 Torrelles de Llobregat
Torrent,Baix Empordà,Comarques Gironines,#català947 Torrent
Torres de Segre,Segrià,Ponent,#català947 Torres de Segre
Torre-serona,Segrià,Ponent,#català947 Torre-serona
Torroella de Fluvià,Alt Empordà,Comarques Gironines,#català947 Torroella de Fluvià
Torroella de Montgrí,Baix Empordà,Comarques Gironines,#català947 Torroella de Montgrí
Torroja del Priorat,Priorat,Camp de Tarragona,#català947 Torroja del Priorat
Tortellà,Garrotxa,Comarques Gironines,#català947 Tortellà
Tortosa,Baix Ebre,Terres de l'Ebre,#català947 Tortosa
Toses,Ripollès,Comarques Gironines,#català947 Toses
Tossa de Mar,Selva,Comarques Gironines,#català947 Tossa de Mar
Tremp,Pallars Jussà,Alt Pirineu i Aran,#català947 Tremp
Ullà,Baix Empordà,Comarques Gironines,#català947 Ullà
Ullastrell,Vallès Occidental,Metropolità,#català947 Ullastrell
Ullastret,Baix Empordà,Comarques Gironines,#català947 Ullastret
Ulldecona,Montsià,Terres de l'Ebre,#català947 Ulldecona
Ulldemolins,Priorat,Camp de Tarragona,#català947 Ulldemolins
Ultramort,Baix Empordà,Comarques Gironines,#català947 Ultramort
Urús,Cerdanya,Alt Pirineu i Aran,#català947 Urús
Vacarisses,Vallès Occidental,Metropolità,#català947 Vacarisses
"Vajol, la",Alt Empordà,Comarques Gironines,"#català947 Vajol, la"
"Vall de Bianya, la",Garrotxa,Comarques Gironines,"#català947 Vall de Bianya, la"
"Vall de Boí, la",Alta Ribagorça,Alt Pirineu i Aran,"#català947 Vall de Boí, la"
Vall de Cardós,Pallars Sobirà,Alt Pirineu i Aran,#català947 Vall de Cardós
"Vall d'en Bas, la",Garrotxa,Comarques Gironines,"#català947 Vall d'en Bas, la"
Vallbona d'Anoia,Anoia,Penedès,#català947 Vallbona d'Anoia
Vallbona de les Monges,Urgell,Ponent,#català947 Vallbona de les Monges
Vallcebre,Berguedà,Comarques Centrals,#català947 Vallcebre
Vallclara,Conca de Barberà,Camp de Tarragona,#català947 Vallclara
Vallfogona de Balaguer,Noguera,Ponent,#català947 Vallfogona de Balaguer
Vallfogona de Ripollès,Ripollès,Comarques Gironines,#català947 Vallfogona de Ripollès
Vallfogona de Riucorb,Conca de Barberà,Camp de Tarragona,#català947 Vallfogona de Riucorb
Vallgorguina,Vallès Oriental,Metropolità,#català947 Vallgorguina
Vallirana,Baix Llobregat,Metropolità,#català947 Vallirana
Vall-llobrega,Baix Empordà,Comarques Gironines,#català947 Vall-llobrega
Vallmoll,Alt Camp,Camp de Tarragona,#català947 Vallmoll
Vallromanes,Vallès Oriental,Metropolità,#català947 Vallromanes
Valls,Alt Camp,Camp de Tarragona,#català947 Valls
"Valls d'Aguilar, les",Alt Urgell,Alt Pirineu i Aran,"#català947 Valls d'Aguilar, les"
"Valls de Valira, les",Alt Urgell,Alt Pirineu i Aran,"#català947 Valls de Valira, les"
Vandellòs i l'Hospitalet de l'Infant,Baix Camp,Camp de Tarragona,#català947 Vandellòs i l'Hospitalet de l'Infant
"Vansa i Fórnols, la",Alt Urgell,Alt Pirineu i Aran,"#català947 Vansa i Fórnols, la"
Veciana,Anoia,Comarques Centrals,#català947 Veciana
"Vendrell, el",Baix Penedès,Penedès,"#català947 Vendrell, el"
Ventalló,Alt Empordà,Comarques Gironines,#català947 Ventalló
Verdú,Urgell,Ponent,#català947 Verdú
Verges,Baix Empordà,Comarques Gironines,#català947 Verges
Vespella de Gaià,Tarragonès,Camp de Tarragona,#català947 Vespella de Gaià
Vic,Osona,Comarques Centrals,#català947 Vic
Vidrà,Osona,Comarques Centrals,#català947 Vidrà
Vidreres,Selva,Comarques Gironines,#català947 Vidreres
Vielha e Mijaran,Aran,Alt Pirineu i Aran,#català947 Vielha e Mijaran
Vilabella,Alt Camp,Camp de Tarragona,#català947 Vilabella
Vilabertran,Alt Empordà,Comarques Gironines,#català947 Vilabertran
Vilablareix,Gironès,Comarques Gironines,#català947 Vilablareix
Vilada,Berguedà,Comarques Centrals,#català947 Vilada
Viladamat,Alt Empordà,Comarques Gironines,#català947 Viladamat
Viladasens,Gironès,Comarques Gironines,#català947 Viladasens
Viladecans,Baix Llobregat,Metropolità,#català947 Viladecans
Viladecavalls,Vallès Occidental,Metropolità,#català947 Viladecavalls
Vilademuls,Pla de l'Estany,Comarques Gironines,#català947 Vilademuls
Viladrau,Osona,Comarques Centrals,#català947 Viladrau
Vilafant,Alt Empordà,Comarques Gironines,#català947 Vilafant
Vilafranca del Penedès,Alt Penedès,Penedès,#català947 Vilafranca del Penedès
Vilagrassa,Urgell,Ponent,#català947 Vilagrassa
Vilajuïga,Alt Empordà,Comarques Gironines,#català947 Vilajuïga
Vilalba dels Arcs,Terra Alta,Terres de l'Ebre,#català947 Vilalba dels Arcs
Vilalba Sasserra,Vallès Oriental,Metropolità,#català947 Vilalba Sasserra
Vilaller,Alta Ribagorça,Alt Pirineu i Aran,#català947 Vilaller
Vilallonga de Ter,Ripollès,Comarques Gironines,#català947 Vilallonga de Ter
Vilallonga del Camp,Tarragonès,Camp de Tarragona,#català947 Vilallonga del Camp
Vilamacolum,Alt Empordà,Comarques Gironines,#català947 Vilamacolum
Vilamalla,Alt Empordà,Comarques Gironines,#català947 Vilamalla
Vilamaniscle,Alt Empordà,Comarques Gironines,#català947 Vilamaniscle
Vilamòs,Aran,Alt Pirineu i Aran,#català947 Vilamòs
Vilanant,Alt Empordà,Comarques Gironines,#català947 Vilanant
Vilanova de Bellpuig,Pla d'Urgell,Ponent,#català947 Vilanova de Bellpuig
Vilanova de la Barca,Segrià,Ponent,#català947 Vilanova de la Barca
Vilanova de l'Aguda,Noguera,Ponent,#català947 Vilanova de l'Aguda
Vilanova de Meià,Noguera,Ponent,#català947 Vilanova de Meià
Vilanova de Prades,Conca de Barberà,Camp de Tarragona,#català947 Vilanova de Prades
Vilanova de Sau,Osona,Comarques Centrals,#català947 Vilanova de Sau
Vilanova de Segrià,Segrià,Ponent,#català947 Vilanova de Segrià
Vilanova del Camí,Anoia,Penedès,#català947 Vilanova del Camí
Vilanova del Vallès,Vallès Oriental,Metropolità,#català947 Vilanova del Vallès
Vilanova d'Escornalbou,Baix Camp,Camp de Tarragona,#català947 Vilanova d'Escornalbou
Vilanova i la Geltrú,Garraf,Penedès,#català947 Vilanova i la Geltrú
Vilaplana,Baix Camp,Camp de Tarragona,#català947 Vilaplana
Vila-rodona,Alt Camp,Camp de Tarragona,#català947 Vila-rodona
Vila-sacra,Alt Empordà,Comarques Gironines,#català947 Vila-sacra
Vila-sana,Pla d'Urgell,Ponent,#català947 Vila-sana
Vila-seca,Tarragonès,Camp de Tarragona,#català947 Vila-seca
Vilassar de Dalt,Maresme,Metropolità,#català947 Vilassar de Dalt
Vilassar de Mar,Maresme,Metropolità,#català947 Vilassar de Mar
Vilaür,Alt Empordà,Comarques Gironines,#català947 Vilaür
Vilaverd,Conca de Barberà,Camp de Tarragona,#català947 Vilaverd
"Vilella Alta, la",Priorat,Camp de Tarragona,"#català947 Vilella Alta, la"
"Vilella Baixa, la",Priorat,Camp de Tarragona,"#català947 Vilella Baixa, la"
Vilobí del Penedès,Alt Penedès,Penedès,#català947 Vilobí del Penedès
Vilobí d'Onyar,Selva,Comarques Gironines,#català947 Vilobí d'Onyar
Vilopriu,Baix Empordà,Comarques Gironines,#català947 Vilopriu
"Vilosell, el",Garrigues,Ponent,"#català947 Vilosell, el"
Vimbodí i Poblet,Conca de Barberà,Camp de Tarragona,#català947 Vimbodí i Poblet
Vinaixa,Garrigues,Ponent,#català947 Vinaixa
Vinebre,Ribera d'Ebre,Terres de l'Ebre,#català947 Vinebre
Vinyols i els Arcs,Baix Camp,Camp de Tarragona,#català947 Vinyols i els Arcs
Viver i Serrateix,Berguedà,Comarques Centrals,#català947 Viver i Serrateix
Xerta,Baix Ebre,Terres de l'Ebre,#català947 Xerta
Municipi,Nom comarca,Àmbit territorial,Descàrrega
